"","X.3","X.2","X.1","X","StartDate","EndDate","Status","IPAddress","Progress","Duration..in.seconds.","Finished","RecordedDate","ResponseId","RecipientLastName","RecipientFirstName","RecipientEmail","ExternalReference","LocationLatitude","LocationLongitude","DistributionChannel","UserLanguage","consents","news","music","party","ideology","ocean_extravert","ocean_critical","ocean_dependable","ocean_anxious","ocean_open","ocean_reserved","ocean_sympathetic","ocean_disorganized","ocean_calm","ocean_conventional","othStuProf","artistProfNum","X1_profileReviewtimer_First.Click","X1_profileReviewtimer_Last.Click","X1_profileReviewtimer_Page.Submit","X1_profileReviewtimer_Click.Count","X1_songTimer_First.Click","X1_songTimer_Last.Click","X1_songTimer_Page.Submit","X1_songTimer_Click.Count","X2_profileReviewtimer_First.Click","X2_profileReviewtimer_Last.Click","X2_profileReviewtimer_Page.Submit","X2_profileReviewtimer_Click.Count","X2_songTimer_First.Click","X2_songTimer_Last.Click","X2_songTimer_Page.Submit","X2_songTimer_Click.Count","X3_profileReviewtimer_First.Click","X3_profileReviewtimer_Last.Click","X3_profileReviewtimer_Page.Submit","X3_profileReviewtimer_Click.Count","X3_songTimer_First.Click","X3_songTimer_Last.Click","X3_songTimer_Page.Submit","X3_songTimer_Click.Count","X4_profileReviewtimer_First.Click","X4_profileReviewtimer_Last.Click","X4_profileReviewtimer_Page.Submit","X4_profileReviewtimer_Click.Count","X4_songTimer_First.Click","X4_songTimer_Last.Click","X4_songTimer_Page.Submit","X4_songTimer_Click.Count","X5_profileReviewtimer_First.Click","X5_profileReviewtimer_Last.Click","X5_profileReviewtimer_Page.Submit","X5_profileReviewtimer_Click.Count","X5_songTimer_First.Click","X5_songTimer_Last.Click","X5_songTimer_Page.Submit","X5_songTimer_Click.Count","X6_profileReviewtimer_First.Click","X6_profileReviewtimer_Last.Click","X6_profileReviewtimer_Page.Submit","X6_profileReviewtimer_Click.Count","X6_songTimer_First.Click","X6_songTimer_Last.Click","X6_songTimer_Page.Submit","X6_songTimer_Click.Count","X7_profileReviewtimer_First.Click","X7_profileReviewtimer_Last.Click","X7_profileReviewtimer_Page.Submit","X7_profileReviewtimer_Click.Count","X7_songTimer_First.Click","X7_songTimer_Last.Click","X7_songTimer_Page.Submit","X7_songTimer_Click.Count","X8_profileReviewtimer_First.Click","X8_profileReviewtimer_Last.Click","X8_profileReviewtimer_Page.Submit","X8_profileReviewtimer_Click.Count","X8_songTimer_First.Click","X8_songTimer_Last.Click","X8_songTimer_Page.Submit","X8_songTimer_Click.Count","X9_profileReviewtimer_First.Click","X9_profileReviewtimer_Last.Click","X9_profileReviewtimer_Page.Submit","X9_profileReviewtimer_Click.Count","X9_songTimer_First.Click","X9_songTimer_Last.Click","X9_songTimer_Page.Submit","X9_songTimer_Click.Count","X10_profileReviewtimer_First.Click","X10_profileReviewtimer_Last.Click","X10_profileReviewtimer_Page.Submit","X10_profileReviewtimer_Click.Count","X10_songTimer_First.Click","X10_songTimer_Last.Click","X10_songTimer_Page.Submit","X10_songTimer_Click.Count","selfPlaylist_0_GROUP","selfPlaylist_1_GROUP","selfPlaylist_0_1_RANK","selfPlaylist_0_2_RANK","selfPlaylist_0_3_RANK","selfPlaylist_0_4_RANK","selfPlaylist_0_5_RANK","selfPlaylist_0_6_RANK","selfPlaylist_0_7_RANK","selfPlaylist_0_8_RANK","selfPlaylist_0_9_RANK","selfPlaylist_0_10_RANK","selfPlaylist_1_1_RANK","selfPlaylist_1_2_RANK","selfPlaylist_1_3_RANK","selfPlaylist_1_4_RANK","selfPlaylist_1_5_RANK","selfPlaylist_1_6_RANK","selfPlaylist_1_7_RANK","selfPlaylist_1_8_RANK","selfPlaylist_1_9_RANK","selfPlaylist_1_10_RANK","othPlaylist_0_GROUP","othPlaylist_1_GROUP","othPlaylist_0_1_RANK","othPlaylist_0_2_RANK","othPlaylist_0_3_RANK","othPlaylist_0_4_RANK","othPlaylist_0_5_RANK","othPlaylist_0_6_RANK","othPlaylist_0_7_RANK","othPlaylist_0_8_RANK","othPlaylist_0_9_RANK","othPlaylist_0_10_RANK","othPlaylist_1_1_RANK","othPlaylist_1_2_RANK","othPlaylist_1_3_RANK","othPlaylist_1_4_RANK","othPlaylist_1_5_RANK","othPlaylist_1_6_RANK","othPlaylist_1_7_RANK","othPlaylist_1_8_RANK","othPlaylist_1_9_RANK","othPlaylist_1_10_RANK","othStuChars_othStuChars_music","othStuChars_othStuChars_open","othStuChars_othStuChars_news","othStuChars_othStuChars_liberal","othStuChars_othStuChars_conservative","othStuChars_othStuChars_relaxed","othStuChars_othStuChars_kind","selfEnjoy_1","selfEnjoy_2","selfEnjoy_3","selfEnjoy_4","selfEnjoy_5","selfEnjoy_6","selfEnjoy_7","selfEnjoy_8","selfEnjoy_9","selfEnjoy_10","othEnjoy_1","othEnjoy_2","othEnjoy_3","othEnjoy_4","othEnjoy_5","othEnjoy_6","othEnjoy_7","othEnjoy_8","othEnjoy_9","othEnjoy_10","themes_1","themes_2","themes_3","themes_4","themes_5","themes_6","themes_7","themes_8","themes_9","themes_10","heardOfArtist_heardOfArtist_1","heardOfArtist_heardOfArtist_2","heardOfArtist_heardOfArtist_3","heardOfArtist_heardOfArtist_4","heardOfArtist_heardOfArtist_5","heardOfArtist_heardOfArtist_6","heardOfArtist_heardOfArtist_7","heardOfArtist_heardOfArtist_8","heardOfArtist_heardOfArtist_9","heardOfArtist_heardOfArtist_10","poliViewSelfList","poliViewOthList","poliViewSelfHear","poliViewOthHear","varGoodBad","yourGoal.oe","age","hhIncome","male","employment","tellMe.oe","selfFirst"
"3",5,7,9,11,"2018-02-16 10:14:19","2018-02-16 11:30:04",0,"128.138.65.175",100,4545,1,"2018-02-16 11:30:04","R_5aHmUxr6BOhob8V",NA,NA,NA,NA,40.014999389648,-105.27059936523,"anonymous","",1,5,5,-2,-2,4,3,7,2,7,6,6,1,6,5,2461,3729,0,0,15.003,0,0,0,20.002,0,0,0,15.003,0,0,0,20.003,0,0,0,15.003,0,0,0,20.003,0,0,0,15.002,0,0,0,20.003,0,0,0,15.002,0,0,0,20.003,0,0,0,15.002,0,0,0,20.003,0,0,0,15.002,0,0,0,20.003,0,0,0,15.003,0,0,0,20.003,0,0,0,15.002,0,0,0,20.002,0,0,0,15.002,0,0,0,20.003,0,"4,5,2,9,6,7","10,1,8,3",NA,3,NA,1,2,5,6,NA,4,NA,2,NA,4,NA,NA,NA,NA,3,NA,1,"1,2,8,10,3,7","6,5,4,9",1,2,5,NA,NA,NA,6,3,NA,4,NA,NA,NA,3,2,1,NA,NA,4,NA,4,7,4,1,7,6,4,3,7,1,7,7,7,2,2,6,3,5,4,3,2,6,4,5,5,5,5,5,4,4,1,3,2,6,6,4,4,0,0,0,0,0,0,0,0,0,0,5,3,4,5,2,"I wanted to choosing songs that include more conservative themes and beats.",19,12,-0.5,"6","",0.5
"4",6,8,10,12,"2018-02-16 11:01:20","2018-02-16 11:32:36",0,"128.138.65.134",100,1875,1,"2018-02-16 11:32:37","R_2YAsTKAzu8YIDu7",NA,NA,NA,NA,40.014999389648,-105.27059936523,"anonymous","EN",1,3,5,-3,-3,5,1,7,1,7,1,7,1,5,1,2461,3729,0,0,15.007,0,0,0,20.006,0,0,0,15.008,0,0,0,20.007,0,0,0,15.006,0,0,0,20.008,0,0,0,15.007,0,0,0,20.008,0,0,0,15.008,0,0,0,20.006,0,0,0,15.006,0,0,0,20.007,0,0,0,15.006,0,0,0,20.007,0,0,0,15.008,0,0,0,20.007,0,0,0,15.006,0,0,0,20.007,0,0,0,15.007,0,0,0,20.006,0,"4,6,1,10,3","9,8,7,5,2",3,NA,5,1,NA,2,NA,NA,NA,4,NA,5,NA,NA,4,NA,3,2,1,NA,"9,8,5,2,3,10","4,6,1,7",NA,4,5,NA,3,NA,NA,2,1,6,3,NA,NA,1,NA,2,4,NA,NA,NA,2,7,4,1,7,7,4,6,2,5,7,4,7,4,4,3,6,4,6,3,2,3,3,5,6,6,4,4,5,4,2,7,1,4,4,4,3,0,0,0,0,0,0,0,0,0,0,2,3,7,6,2,"If the artist shared similar political views.",18,12,-0.5,"6","",0.5
"5",7,9,11,13,"2018-02-16 11:34:49","2018-02-16 12:19:07",0,"128.138.65.134",100,2658,1,"2018-02-16 12:19:07","R_1laWcOG0RiRsWgw",NA,NA,NA,NA,40.014999389648,-105.27059936523,"anonymous","EN",1,3,3,0,0,3,5,5,3,5,5,6,2,5,2,2461,3729,0,0,15.008,0,0,0,20.01,0,0,0,15.008,0,0,0,20.007,0,0,0,15.008,0,0,0,20.007,0,0,0,15.007,0,0,0,20.007,0,0,0,15.008,0,0,0,20.007,0,0,0,15.008,0,0,0,20.007,0,0,0,15.007,0,0,0,20.007,0,0,0,15.007,0,0,0,20.006,0,0,0,15.007,0,0,0,20.008,0,0,0,15.006,0,0,0,20.007,0,"9,10,1,5,7,3","4,2,6,8",3,NA,6,NA,4,NA,5,NA,1,2,NA,2,NA,1,NA,3,NA,4,NA,NA,"4,8,2,9,7,6","3,5,10,1",NA,3,NA,1,NA,6,5,2,4,NA,4,NA,1,NA,2,NA,NA,NA,NA,3,3,3,4,1,7,2,5,1,2,6,2,5,2,NA,3,7,7,6,5,1,5,3,6,5,6,2,1,4,6,2,4,2,6,3,2,1,6,0,0,0,0,0,0,0,0,1,0,1,1,1,3,2,"How much they listened to music",22,6,0.5,"6","",0.5
"6",8,10,12,14,"2018-02-16 11:34:30","2018-02-16 12:24:27",0,"128.138.65.239",100,2996,1,"2018-02-16 12:24:27","R_2VgRsRDRExPjuRX",NA,NA,NA,NA,40.014999389648,-105.27059936523,"anonymous","EN",1,5,5,1,0,2,5,6,5,2,5,6,3,3,5,1832,1391,0,0,15.009,0,0,0,20.007,0,0,0,15.006,0,0,0,20.007,0,0,0,15.007,0,0,0,20.007,0,0,0,15.007,0,0,0,20.007,0,0,0,15.007,0,0,0,20.006,0,0,0,15.007,0,0,0,20.006,0,0,0,15.006,0,0,0,20.007,0,0,0,15.008,0,0,0,20.007,0,0,0,15.006,0,0,0,20.008,0,0,0,15.007,0,0,0,20.007,0,"8,1,9,3,2,10","4,7,6,5",2,5,4,NA,NA,NA,NA,1,3,6,NA,NA,NA,1,4,3,2,NA,NA,NA,"7,1,9,8,2,5","3,4,6,10",2,5,NA,NA,6,NA,1,4,3,NA,NA,NA,1,2,NA,3,NA,NA,NA,4,2,3,6,7,1,3,5,2,3,3,2,2,2,2,4,3,3,2,4,3,2,3,2,3,4,4,2,7,4,4,3,3,5,1,2,4,5,0,0,0,0,0,0,0,0,0,0,5,6,5,6,3,"Political views and political affiliation",19,12,0.5,"6","The artist profile on paper is listed as ""Rhia,"" but the artist name on the computer is ""Rhiannon.""",-0.5
"7",9,11,13,15,"2018-02-16 11:35:44","2018-02-16 12:25:46",0,"128.138.65.175",100,3002,1,"2018-02-16 12:25:46","R_eESWgp8tYljpk4l",NA,NA,NA,NA,40.014999389648,-105.27059936523,"anonymous","",1,1,5,0,0,7,2,6,2,5,2,6,1,5,5,1832,3729,0,0,15.002,0,0,0,20.003,0,0,0,15.002,0,0,0,20.003,0,0,0,15.003,0,0,0,20.003,0,0,0,15.003,0,0,0,20.003,0,0,0,15.002,0,0,0,20.002,0,0,0,15.003,0,0,0,20.002,0,0,0,15.003,0,0,0,20.002,0,0,0,15.003,0,0,0,20.002,0,0,0,15.002,0,0,0,20.003,0,0,0,15.003,0,0,0,20.003,0,"5,9,2,3,1,8","6,10,7,4",5,3,4,NA,1,NA,NA,6,2,NA,NA,NA,NA,4,NA,1,3,NA,NA,2,"6,1,4,10,3,7","2,8,5,9",2,NA,5,3,NA,1,6,NA,NA,4,NA,1,NA,NA,3,NA,NA,2,4,NA,2,4,7,7,1,3,4,5,4,6,5,7,1,2,2,7,3,5,3,4,5,1,4,2,2,1,5,1,6,2,1,7,1,7,7,7,2,0,0,0,0,0,0,0,0,1,0,2,3,4,6,2,"Their stance on politics, strong democrat or strong liberal. ",18,9,-0.5,"6","",-0.5
"8",10,12,14,16,"2018-02-16 12:26:36","2018-02-16 13:10:18",0,"128.138.65.239",100,2622,1,"2018-02-16 13:10:19","R_tXnEPLIkCKNLj7b",NA,NA,NA,NA,40.014999389648,-105.27059936523,"anonymous","EN",1,3,5,-1,-1,1,4,6,2,3,6,5,1,6,6,1832,3729,0,0,15.008,0,0,0,20.008,0,0,0,15.007,0,0,0,20.007,0,0,0,15.008,0,0,0,20.007,0,0,0,15.006,0,0,0,20.007,0,0,0,15.007,0,0,0,20.01,0,0,0,15.007,0,0,0,20.007,0,0,0,15.006,0,0,0,20.006,0,0,0,15.006,0,0,0,20.007,0,0,0,15.006,0,0,0,20.006,0,0,0,15.006,0,0,0,20.006,0,"4,2,1,6,9,3","5,8,7,10",3,2,6,1,NA,4,NA,NA,5,NA,NA,NA,NA,NA,1,NA,3,2,NA,4,"6,4,1,10,3,2","5,7,8,9",3,6,5,2,NA,1,NA,NA,NA,4,NA,NA,NA,NA,1,NA,2,3,4,NA,2,5,6,7,1,4,3,5,4,4,5,4,4,2,2,5,3,6,4,3,5,1,5,2,1,2,4,3,4,3,4,6,3,6,6,4,5,0,0,0,0,0,0,0,0,0,0,3,4,2,5,2,"I looked mainly at the political views as well as how much news and  music they listen to but I also did consider the personality",21,1,-0.5,"2,6","",0.5
"9",11,13,15,17,"2018-02-16 12:28:13","2018-02-16 13:14:18",0,"128.138.65.175",100,2765,1,"2018-02-16 13:14:18","R_01XIyjQZJKKV5Pv",NA,NA,NA,NA,40.014999389648,-105.27059936523,"anonymous","",1,2,5,0,0,4,4,5,3,6,5,6,3,3,3,2461,1391,0,0,15.002,0,0,0,20.003,0,0,0,15.002,0,0,0,20.003,0,0,0,15.003,0,0,0,20.002,0,0,0,15.002,0,0,0,20.003,0,0,0,15.002,0,0,0,20.003,0,0,0,15.002,0,0,0,20.003,0,0,0,15.003,0,0,0,20.003,0,0,0,15.002,0,0,0,20.003,0,0,0,15.003,0,0,0,20.003,0,0,0,15.003,0,0,0,20.003,0,"9,2,5,7,8,4","3,10,1,6",NA,2,NA,6,3,NA,4,5,1,NA,3,NA,1,NA,NA,4,NA,NA,NA,2,"6,5,1,10,3,2","4,7,9,8",3,6,5,NA,2,1,NA,NA,NA,4,NA,NA,NA,1,NA,NA,2,4,3,NA,2,7,5,2,7,6,4,3,3,5,6,6,4,5,3,7,4,5,4,6,2,5,7,4,4,3,5,4,5,2,4,3,6,2,5,4,6,0,0,0,0,0,0,0,0,1,0,2,2,2,5,2,"how much accurate their profile with the music profile 
",23,4,-0.5,"6","i think one or two of the music in the begining did not play ",0.5
"10",12,14,16,18,"2018-02-16 13:15:27","2018-02-16 13:51:00",0,"128.138.65.239",100,2132,1,"2018-02-16 13:51:01","R_1gNNWE75LTXPM6M",NA,NA,NA,NA,40.014999389648,-105.27059936523,"anonymous","EN",1,5,5,-1,-2,6,6,7,4,6,6,4,2,6,4,13,10,0,0,15.009,0,0,0,20.007,0,0,0,15.007,0,0,0,20.007,0,0,0,15.007,0,0,0,20.007,0,0,0,15.006,0,0,0,20.006,0,0,0,15.007,0,0,0,20.007,0,0,0,15.005,0,0,0,20.006,0,0,0,15.006,0,0,0,20.006,0,0,0,15.006,0,0,0,20.007,0,0,0,15.006,0,0,0,20.007,0,0,0,15.007,0,0,0,20.006,0,"1,5,6,7","2,3,4,8,9,10",1,NA,NA,NA,2,3,4,NA,NA,NA,NA,1,2,3,NA,NA,NA,4,5,6,"7,5,6,1","3,2,10,9,8,4",4,NA,NA,NA,2,3,1,NA,NA,NA,NA,2,1,6,NA,NA,NA,5,4,3,6,5,5,6,2,3,6,5,2,2,2,5,5,5,2,2,2,5,2,2,2,5,5,5,2,2,2,4,4,4,4,4,4,4,4,4,4,0,0,0,0,0,0,0,0,0,0,1,1,5,5,2,"hopefully we like the same music, she seems chill",18,99,0.5,"6","",-0.5
"11",13,15,17,19,"2018-02-16 12:26:54","2018-02-16 13:56:50",0,"128.138.65.134",100,5396,1,"2018-02-16 13:56:51","R_3oAqK8P8sdE635I",NA,NA,NA,NA,40.014999389648,-105.27059936523,"anonymous","EN",1,3,5,-3,-3,6,5,7,3,7,3,6,5,7,2,2461,3729,0,0,15.007,0,0,0,20.011,0,0,0,15.008,0,0,0,20.008,0,0,0,15.007,0,0,0,20.007,0,0,0,15.007,0,0,0,20.007,0,0,0,15.008,0,0,0,20.007,0,0,0,15.008,0,0,0,20.008,0,0,0,15.007,0,0,0,20.007,0,0,0,15.008,0,0,0,20.006,0,0,0,15.007,0,0,0,20.006,0,0,0,15.008,0,0,0,20.006,0,"10,5,9,8,2,3","1,7,4,6",NA,5,6,NA,2,NA,NA,4,3,1,1,NA,NA,3,NA,4,2,NA,NA,NA,"5,1,2,3,10,8","9,4,7,6",2,3,4,NA,1,NA,NA,6,NA,5,NA,NA,NA,2,NA,4,3,NA,1,NA,2,7,4,1,7,7,6,4,4,3,2,6,5,2,2,6,6,6,5,5,2,6,2,2,4,2,6,3,4,4,4,5,4,5,4,4,4,0,0,0,0,1,0,0,0,0,1,5,5,6,6,3,"I looked more at their personality traits because I don't necessarily think political views are the most important factor in music choice.",18,11,-0.5,"2,6","",-0.5
"12",14,16,18,20,"2018-02-14 15:05:49","2018-02-15 19:02:11",0,"98.245.126.117",28,100582,0,"2018-02-22 19:02:14","R_2AKdM0EaaqIMANU",NA,NA,NA,NA,NA,NA,"anonymous","EN",1,1,1,-3,-3,1,1,1,1,1,1,1,1,1,1,1234567,1234,0,0,15.007,0,NA,NA,NA,NA,NA,NA,NA,NA,NA,NA,NA,NA,NA,NA,NA,NA,NA,NA,NA,NA,NA,NA,NA,NA,NA,NA,NA,NA,NA,NA,NA,NA,NA,NA,NA,NA,NA,NA,NA,NA,NA,NA,NA,NA,NA,NA,NA,NA,NA,NA,NA,NA,NA,NA,NA,NA,NA,NA,NA,NA,NA,NA,NA,NA,NA,NA,NA,NA,NA,NA,NA,NA,NA,NA,NA,NA,"","",NA,NA,NA,NA,NA,NA,NA,NA,NA,NA,NA,NA,NA,NA,NA,NA,NA,NA,NA,NA,"","",NA,NA,NA,NA,NA,NA,NA,NA,NA,NA,NA,NA,NA,NA,NA,NA,NA,NA,NA,NA,NA,NA,NA,NA,NA,NA,NA,NA,NA,NA,NA,NA,NA,NA,NA,NA,NA,NA,NA,NA,NA,NA,NA,NA,NA,NA,NA,NA,NA,NA,NA,NA,NA,NA,NA,NA,NA,NA,NA,NA,NA,NA,NA,NA,NA,NA,NA,NA,NA,NA,NA,NA,"",NA,NA,NA,"","",0.5
"13",15,17,19,21,"2018-02-15 20:03:13","2018-02-15 20:07:05",0,"98.245.126.117",28,232,0,"2018-02-22 20:07:38","R_2yqqnAMN8cPD24u",NA,NA,NA,NA,NA,NA,"anonymous","EN",1,NA,NA,NA,NA,NA,NA,NA,NA,NA,NA,NA,NA,NA,NA,0,9,0,0,15.007,0,0,0,20.007,0,0,0,15.006,0,0,0,20.006,0,0,0,15.006,0,NA,NA,NA,NA,NA,NA,NA,NA,NA,NA,NA,NA,NA,NA,NA,NA,NA,NA,NA,NA,NA,NA,NA,NA,NA,NA,NA,NA,NA,NA,NA,NA,NA,NA,NA,NA,NA,NA,NA,NA,NA,NA,NA,NA,NA,NA,NA,NA,NA,NA,NA,NA,NA,NA,NA,NA,NA,NA,NA,NA,"","",NA,NA,NA,NA,NA,NA,NA,NA,NA,NA,NA,NA,NA,NA,NA,NA,NA,NA,NA,NA,"","",NA,NA,NA,NA,NA,NA,NA,NA,NA,NA,NA,NA,NA,NA,NA,NA,NA,NA,NA,NA,NA,NA,NA,NA,NA,NA,NA,NA,NA,NA,NA,NA,NA,NA,NA,NA,NA,NA,NA,NA,NA,NA,NA,NA,NA,NA,NA,NA,NA,NA,NA,NA,NA,NA,NA,NA,NA,NA,NA,NA,NA,NA,NA,NA,NA,NA,NA,NA,NA,NA,NA,NA,"",NA,NA,NA,"","",0.5
"14",16,18,20,22,"2018-02-27 11:20:36","2018-02-27 11:48:22",0,"128.138.65.114",100,1666,1,"2018-02-27 11:48:22","R_z7OXQFr6bepRK37",NA,NA,NA,NA,40.087799072266,-105.37349700928,"anonymous","EN",1,4,5,2,2,7,3,6,1,7,2,6,1,5,4,2461,3729,0,0,15.007,0,0,0,20.007,0,0,0,15.006,0,0,0,20.006,0,0,0,15.007,0,0,0,20.005,0,0,0,15.007,0,0,0,20.006,0,0,0,15.007,0,0,0,20.006,0,0,0,15.006,0,0,0,20.008,0,0,0,15.005,0,0,0,20.005,0,0,0,15.006,0,0,0,20.007,0,0,0,15.007,0,0,0,20.006,0,0,0,15.006,0,0,0,20.007,0,"2,1,5,10,6,9","3,4,7,8",2,1,NA,NA,3,5,NA,NA,6,4,NA,NA,1,2,NA,NA,3,4,NA,NA,"1,10,2,5,6,9","3,4,8,7",1,3,NA,NA,4,5,NA,NA,6,2,NA,NA,1,2,NA,NA,4,3,NA,NA,4,6,5,1,7,3,4,7,7,2,2,7,6,6,1,6,6,7,6,3,2,6,3,2,2,5,7,7,7,6,1,6,3,3,3,3,6,1,1,0,0,1,0,0,0,0,1,2,3,5,3,3,"To factor in the tune of the song, language if the song included lyrics, and the genre the song could be categorized as. People tend to associate certain characteristics with specific genres.",19,12,-0.5,"2,6","",-0.5
"15",17,19,21,23,"2018-02-27 11:23:26","2018-02-27 11:49:33",0,"128.138.65.82",100,1567,1,"2018-02-27 11:49:33","R_a8Xi5N2rsy9RrRX",NA,NA,NA,NA,40.087799072266,-105.37349700928,"anonymous","",1,3,5,2,2,6,6,6,2,6,3,6,2,6,3,1832,1391,0,0,15.002,0,0,0,20.004,0,0,0,15.002,0,0,0,20.002,0,0,0,15.002,0,0,0,20.003,0,0,0,15.002,0,0,0,20.002,0,0,0,15.002,0,0,0,20.002,0,0,0,15.003,0,0,0,20.003,0,0,0,15.003,0,0,0,20.003,0,0,0,15.003,0,0,0,20.003,0,0,0,15.002,0,0,0,20.002,0,0,0,15.002,0,0,0,20.003,0,"1,3,2,6,9,8","7,10,5,4",1,3,2,NA,NA,4,NA,6,5,NA,NA,NA,NA,4,3,NA,1,NA,NA,2,"9,8,10,2,4,5","1,6,7,3",NA,4,NA,5,6,NA,NA,2,1,3,1,NA,4,NA,NA,2,3,NA,NA,NA,3,6,6,3,6,5,6,3,5,5,3,5,5,3,5,5,6,4,4,4,5,5,4,5,4,4,4,3,3,5,5,5,4,4,3,3,5,0,0,0,0,0,0,0,0,0,0,3,2,2,2,3,"",22,12,0.5,"6","",-0.5
"16",18,20,22,24,"2018-02-27 11:21:20","2018-02-27 11:50:14",0,"128.138.65.68",100,1733,1,"2018-02-27 11:50:15","R_2uyBSFLFL0wpXY0",NA,NA,NA,NA,40.087799072266,-105.37349700928,"anonymous","EN",1,3,5,-2,-2,5,4,6,5,6,4,5,2,5,2,2461,1391,0,0,15.009,0,0,0,20.023,0,0,0,15.023,0,0,0,20.021,0,0,0,15.021,0,0,0,20.024,0,0,0,15.02,0,0,0,20.022,0,0,0,15.02,0,0,0,20.024,0,0,0,15.026,0,0,0,20.025,0,0,0,15.023,0,0,0,20.028,0,0,0,15.022,0,0,0,20.024,0,0,0,15.024,0,0,0,20.027,0,0,0,15.023,0,0,0,20.023,0,"6,2,4,7,10,1","9,8,3,5",6,2,NA,3,NA,1,4,NA,NA,5,NA,NA,3,NA,4,NA,NA,2,1,NA,"10,6,1,9,4,3","2,8,5,7",3,NA,6,5,NA,2,NA,NA,4,1,NA,1,NA,NA,3,NA,4,2,NA,NA,5,4,4,5,5,4,4,3,4,3,3,3,4,3,3,3,5,5,4,4,5,4,5,3,3,3,5,5,4,3,4,5,3,4,4,3,3,0,0,0,0,0,0,0,0,0,0,3,3,4,5,2,"seeing if everyone liked it ",19,12,-0.5,"2","",0.5
"17",19,21,23,25,"2018-02-27 11:56:07","2018-02-27 12:48:41",0,"128.138.65.82",100,3154,1,"2018-02-27 12:48:41","R_6WFJC42Hj7c2tJX",NA,NA,NA,NA,40.087799072266,-105.37349700928,"anonymous","",1,2,5,-2,-1,3,6,6,5,4,5,5,5,5,7,1832,1391,0,0,15.002,0,NA,NA,NA,NA,0,0,15.003,0,0,0,20.003,0,0,0,15.003,0,0,0,20.002,0,0,0,15.003,0,0,0,20.002,0,0,0,15.003,0,0,0,20.004,0,0,0,15.002,0,0,0,20.003,0,0,0,15.003,0,0,0,20.004,0,0,0,15.002,0,0,0,20.003,0,0,0,15.003,0,0,0,20.003,0,0,0,15.003,0,0,0,20.003,0,"2,4,8,7,9,3","10,1,5,6",NA,1,6,2,NA,NA,4,3,5,NA,2,NA,NA,NA,3,4,NA,NA,NA,1,"10,1,7,9,5,4","2,8,6,3",2,NA,NA,6,5,NA,3,NA,4,1,NA,1,4,NA,NA,3,NA,2,NA,NA,5,4,5,5,3,4,5,4,5,6,4,2,4,4,4,4,1,5,3,2,4,4,5,3,3,6,3,4,3,7,4,7,3,3,3,3,7,0,0,0,0,0,0,0,0,0,0,6,5,6,5,2,"I just wanted to choose music that fit his political ideology. ",21,9,0.5,"6","",0.5
"18",20,22,24,26,"2018-02-27 11:56:35","2018-02-27 12:49:32",0,"128.138.65.114",100,3176,1,"2018-02-27 12:49:32","R_2pK0kWsWVGkicnU",NA,NA,NA,NA,40.087799072266,-105.37349700928,"anonymous","EN",1,3,5,1,2,3,6,7,5,5,5,3,2,5,2,1832,3729,0,0,15.008,0,0,0,20.007,0,0,0,15.008,0,0,0,20.007,0,0,0,15.006,0,0,0,20.007,0,0,0,15.007,0,0,0,20.006,0,0,0,15.007,0,0,0,20.007,0,0,0,15.006,0,0,0,20.007,0,0,0,15.006,0,0,0,20.007,0,0,0,15.006,0,0,0,20.006,0,0,0,15.007,0,0,0,20.007,0,0,0,15.006,0,0,0,20.008,0,"6,2,9,8,1,4","7,10,3,5",5,2,NA,6,NA,1,NA,4,3,NA,NA,NA,3,NA,4,NA,1,NA,NA,2,"6,8,1,5,3,10","9,4,2,7",3,NA,5,NA,4,1,NA,2,NA,6,NA,3,NA,2,NA,NA,4,NA,1,NA,6,5,2,2,2,5,3,6,4,2,2,2,5,4,3,4,2,5,2,2,3,4,5,5,4,5,3,4,5,3,4,3,3,5,NA,2,5,0,0,0,0,0,0,0,0,0,0,1,3,1,3,3,"whether i liked the song/thought it was a good song. The info on the sheet in my opinion doesn't have a large correlation between music taste. ",21,12,0.5,"6","",0.5
"19",21,23,25,27,"2018-02-27 11:56:20","2018-02-27 12:51:49",0,"128.138.65.68",100,3328,1,"2018-02-27 12:51:49","R_1g2rK7b6KO78wjw",NA,NA,NA,NA,40.087799072266,-105.37349700928,"anonymous","EN",1,1,5,-1,-2,6,5,3,6,6,2,5,5,4,5,3729,2461,0,0,15.01,0,0,0,20.023,0,0,0,15.02,0,0,0,20.022,0,0,0,15.02,0,0,0,20.04,0,0,0,15.023,0,0,0,20.024,0,0,0,15.023,0,0,0,20.023,0,0,0,15.027,0,0,0,20.026,0,0,0,15.03,0,0,0,20.025,0,0,0,15.022,0,0,0,20.024,0,0,0,15.023,0,0,0,20.023,0,0,0,15.029,0,0,0,20.023,0,"2,4,7,8,6,9","5,3,1,10",NA,1,NA,2,NA,5,3,4,6,NA,3,NA,2,NA,1,NA,NA,NA,NA,4,"9,2,8,7,10,5","4,6,1,3",NA,2,NA,NA,6,NA,4,3,1,5,3,NA,4,1,NA,2,NA,NA,NA,NA,5,4,4,1,7,7,4,6,4,4,3,3,6,5,3,3,7,7,6,2,3,7,4,3,2,6,4,7,6,2,1,7,1,7,7,7,2,0,0,0,0,0,0,0,0,0,0,5,3,5,4,2,"I mostly looked at their political views",19,11,-0.5,"6","",-0.5
"20",22,24,26,28,"2018-03-02 08:58:27","2018-03-02 09:20:32",0,"128.138.65.220",100,1325,1,"2018-03-02 09:20:32","R_3yH06YfuNAO8G1v",NA,NA,NA,NA,40.087799072266,-105.37349700928,"anonymous","",1,2,5,0,0,7,5,6,2,7,2,5,2,5,4,2461,3729,0,0,15.002,0,0,0,20.088,0,0,0,15.003,0,0,0,20.003,0,0,0,15.002,0,0,0,20.003,0,0,0,15.003,0,0,0,20.004,0,0,0,15.003,0,0,0,20.003,0,0,0,15.002,0,0,0,20.003,0,0,0,15.003,0,0,0,20.002,0,0,0,15.003,0,0,0,20.003,0,0,0,15.002,0,0,0,20.002,0,0,0,15.003,0,0,0,20.002,0,"9,6,10,1,2,5","4,7,8,3",4,5,NA,NA,6,2,NA,NA,1,3,NA,NA,4,1,NA,NA,2,3,NA,NA,"1,8,6,7,5,3","9,10,4,2",1,NA,6,NA,5,3,4,2,NA,NA,NA,4,NA,3,NA,NA,NA,NA,1,2,2,7,5,1,7,7,4,4,4,3,4,4,4,3,4,4,3,5,5,4,5,5,4,5,5,4,4,4,4,4,4,4,4,4,4,4,4,0,0,0,0,0,0,0,0,0,0,7,6,6,6,2,"I first looked at the students profile and compared it to the other profiles and saw which of the profiles had the same interests as the student profile i had and put the songs they all liked",18,3,0.5,"1","",0.5
"21",23,25,27,29,"2018-03-02 08:56:22","2018-03-02 09:23:51",0,"128.138.65.88",100,1648,1,"2018-03-02 09:23:52","R_Q3tyZiCsZMYWWCl",NA,NA,NA,NA,40.087799072266,-105.37349700928,"anonymous","EN",1,2,5,-2,-2,5,4,4,2,7,1,4,4,3,5,106686927,1391,0,0,15.006,0,0,0,20.007,0,0,0,15.008,0,0,0,20.006,0,0,0,15.006,0,0,0,20.008,0,0,0,15.006,0,0,0,20.007,0,0,0,15.006,0,0,0,20.006,0,0,0,15.007,0,0,0,20.107,0,0,0,15.007,0,0,0,20.005,0,0,0,15.007,0,0,0,20.007,0,0,0,15.006,0,0,0,20.006,0,0,0,15.006,0,0,0,20.006,0,"8,5,1,4,6,10","9,7,3,2",3,NA,NA,4,2,5,NA,1,NA,6,NA,4,3,NA,NA,NA,2,NA,1,NA,"3,2,4,6,7,10","9,8,5,1",NA,2,1,3,NA,4,5,NA,NA,6,4,NA,NA,NA,3,NA,NA,2,1,NA,2,7,2,1,7,1,4,5,2,2,5,3,4,5,4,2,2,5,4,3,3,4,5,3,4,1,3,7,3,2,6,3,5,2,1,2,6,0,1,0,0,0,0,0,0,0,0,2,2,4,4,3,"I looked at what would fit their personality, this person wasn't very relaxed so I didn't choose that type of music.
",18,11,-0.5,"6","",-0.5
"22",24,26,28,30,"2018-03-02 08:59:02","2018-03-02 09:25:23",0,"128.138.65.68",100,1581,1,"2018-03-02 09:25:24","R_24I8Q6pEuBFqheg",NA,NA,NA,NA,40.087799072266,-105.37349700928,"anonymous","EN",1,3,5,2,1,7,4,6,6,7,6,7,1,6,1,1832,3729,0,0,15.006,0,0,0,20.007,0,0,0,15.009,0,0,0,20.007,0,0,0,15.008,0,0,0,20.008,0,0,0,15.006,0,0,0,20.007,0,0,0,15.007,0,0,0,20.007,0,0,0,15.006,0,0,0,20.008,0,0,0,15.007,0,0,0,20.008,0,0,0,15.007,0,0,0,20.007,0,0,0,15.006,0,0,0,20.007,0,0,0,15.006,0,0,0,20.007,0,"9,4,8,7,2,5","1,3,6,10",NA,5,NA,2,6,NA,4,3,1,NA,1,NA,2,NA,NA,3,NA,NA,NA,4,"4,2,6,3,1,10","5,7,8,9",5,2,4,1,NA,3,NA,NA,NA,6,NA,NA,NA,NA,1,NA,2,3,4,NA,4,7,3,7,7,3,3,5,7,1,5,4,5,4,4,7,7,7,1,6,7,1,7,5,5,2,7,1,7,1,1,7,1,7,7,7,1,0,0,0,1,0,1,1,0,0,1,1,1,6,6,2,"Their political stance and if they were open to new experiences.",18,10,-0.5,"6","",-0.5
"23",25,27,29,31,"2018-03-02 09:28:28","2018-03-02 10:17:08",0,"128.138.65.88",100,2919,1,"2018-03-02 10:17:08","R_0BRWpF5VHKqjy5r",NA,NA,NA,NA,40.087799072266,-105.37349700928,"anonymous","EN",1,2,5,-2,-2,5,2,6,4,6,3,6,4,5,2,1832,1391,0,0,15.008,0,0,0,20.006,0,0,0,15.006,0,0,0,20.007,0,0,0,15.006,0,0,0,20.006,0,0,0,15.006,0,0,0,20.006,0,0,0,15.007,0,0,0,20.007,0,0,0,15.006,0,0,0,20.006,0,0,0,15.006,0,0,0,20.006,0,0,0,15.007,0,0,0,20.007,0,0,0,15.006,0,0,0,20.007,0,0,0,15.006,0,0,0,20.007,0,"3,7,4,6","1,9,2,8",NA,NA,1,3,NA,4,2,NA,NA,NA,1,3,NA,NA,NA,NA,NA,4,2,NA,"3,2,4,7","1,5,8,6",NA,2,1,3,NA,NA,4,NA,NA,NA,1,NA,NA,NA,2,4,NA,3,NA,NA,4,4,6,5,1,4,5,4,4,4,4,4,4,4,4,4,4,3,4,4,5,4,4,3,4,4,3,5,6,3,NA,4,2,4,6,2,2,0,0,0,0,0,0,0,0,0,0,4,4,5,5,3,"i looked at their character traits and then the character traits on the list to see what they had in common",18,9,-0.5,"2,6","",0.5
"24",26,28,30,32,"2018-03-02 09:27:36","2018-03-02 10:20:19",0,"128.138.65.220",100,3163,1,"2018-03-02 10:20:19","R_2oeJtx5R1BNZZ5P",NA,NA,NA,NA,40.087799072266,-105.37349700928,"anonymous","",1,2,5,1,1,6,1,7,1,7,1,7,1,6,1,1832,3729,0,0,15.002,0,0,0,20.002,0,0,0,15.003,0,0,0,20.003,0,0,0,15.002,0,0,0,20.003,0,0,0,15.003,0,0,0,20.002,0,0,0,15.002,0,0,0,20.003,0,0,0,15.002,0,0,0,20.003,0,0,0,15.003,0,0,0,20.003,0,0,0,15.002,0,0,0,20.003,0,0,0,15.003,0,0,0,20.002,0,0,0,15.002,0,0,0,20.002,0,"4,1,6,8,2,9","3,7,10,5",2,5,NA,1,NA,3,NA,4,6,NA,NA,NA,1,NA,4,NA,2,NA,NA,3,"8,1,6,3,4,10","7,5,2,9",2,NA,4,5,NA,3,NA,1,NA,6,NA,3,NA,NA,2,NA,1,NA,4,NA,2,2,6,7,1,1,1,4,2,1,6,4,5,5,4,6,4,5,3,3,7,5,4,4,5,1,6,4,6,4,3,6,4,4,4,7,3,0,1,0,0,0,NA,0,0,1,0,2,2,2,2,3,"How often they listened to music and if they were introverted or extroverted",19,12,-0.5,"2,6","",0.5
"25",27,29,31,33,"2018-03-02 09:28:13","2018-03-02 10:22:15",0,"128.138.65.68",100,3241,1,"2018-03-02 10:22:16","R_eViBDiY9ITd7LH3",NA,NA,NA,NA,40.087799072266,-105.37349700928,"anonymous","EN",1,2,5,0,0,6,3,7,5,6,3,7,2,6,3,2461,1391,0,0,15.007,0,0,0,20.006,0,0,0,15.007,0,0,0,20.008,0,0,0,15.008,0,0,0,20.006,0,0,0,15.007,0,0,0,20.009,0,0,0,15.008,0,0,0,20.008,0,0,0,15.007,0,0,0,20.008,0,0,0,15.008,0,0,0,20.008,0,0,0,15.008,0,0,0,20.007,0,0,0,15.006,0,0,0,20.006,0,0,0,15.008,0,0,0,20.007,0,"8,4,1,2,6,9","10,7,5,3",3,4,NA,2,NA,5,NA,1,6,NA,NA,NA,4,NA,3,NA,2,NA,NA,1,"4,10,1,6,3,5","9,8,7,2",3,NA,5,1,6,4,NA,NA,NA,2,NA,4,NA,NA,NA,NA,3,2,1,NA,2,6,6,6,6,6,6,6,5,2,5,4,3,4,5,5,4,7,5,6,6,3,5,3,4,4,6,6,5,4,5,4,4,3,5,4,4,0,1,0,0,0,0,0,0,0,0,1,1,1,3,2,"I looked at their political views and how extroverted they were",19,12,-0.5,"6","",-0.5
"26",28,30,32,34,"2018-03-02 10:52:01","2018-03-02 11:20:20",0,"128.138.65.88",100,1698,1,"2018-03-02 11:20:21","R_d0iS5SVDDTlhjNf",NA,NA,NA,NA,40.087799072266,-105.37349700928,"anonymous","EN",1,3,5,-2,-1,5,4,3,3,3,3,5,6,6,4,2461,3729,0,0,15.007,0,0,0,20.008,0,0,0,15.008,0,0,0,20.006,0,0,0,15.008,0,0,0,20.007,0,0,0,15.006,0,0,0,20.007,0,0,0,15.008,0,0,0,20.008,0,0,0,15.006,0,0,0,20.008,0,0,0,15.006,0,0,0,20.008,0,0,0,15.007,0,0,0,20.007,0,0,0,15.006,0,0,0,20.007,0,0,0,15.007,0,0,0,20.006,0,"4,6,1,8,2,10","9,7,5,3",3,5,NA,1,NA,2,NA,4,NA,6,NA,NA,4,NA,3,NA,2,NA,1,NA,"2,3,5,9,8,7","10,1,6,4",NA,1,2,NA,3,NA,6,5,4,NA,2,NA,NA,4,NA,3,NA,NA,NA,1,2,1,3,1,7,3,3,3,3,1,2,3,5,3,4,1,3,4,3,6,5,7,4,3,4,3,3,4,7,7,4,4,4,4,4,4,4,0,0,0,0,0,0,0,0,0,0,3,4,6,5,2,"I looked at how well their political views matched with the artists",18,12,-0.5,"3,6","",0.5
"27",29,31,33,35,"2018-03-02 10:50:59","2018-03-02 11:24:40",0,"128.138.65.220",100,2021,1,"2018-03-02 11:24:40","R_3q3y4HCRm3dQO4l",NA,NA,NA,NA,40.087799072266,-105.37349700928,"anonymous","",1,2,5,0,-1,2,2,4,5,6,5,6,4,5,3,2461,1391,0,0,15.002,0,0,0,20.003,0,0,0,15.003,0,0,0,20.002,0,0,0,15.002,0,0,0,20.003,0,0,0,15.003,0,0,0,20.003,0,0,0,15.003,0,0,0,20.002,0,0,0,15.003,0,0,0,20.003,0,0,0,15.002,0,0,0,20.003,0,0,0,15.002,0,0,0,20.003,0,0,0,15.002,0,0,0,20.003,0,0,0,15.003,0,0,0,20.003,0,"10,5,1,6,2,7","3,9,8,4",3,5,NA,NA,2,4,6,NA,NA,1,NA,NA,1,4,NA,NA,NA,3,2,NA,"9,8,2,1,7,4","3,5,6,10",4,3,NA,6,NA,NA,5,2,1,NA,NA,NA,1,NA,2,3,NA,NA,NA,4,3,5,4,1,7,2,3,5,5,3,5,5,5,NA,5,2,6,5,5,1,5,5,4,4,NA,3,5,6,4,3,NA,4,3,3,6,6,3,0,0,0,0,0,0,0,0,0,0,2,1,1,3,3,"My main goal was to select songs that would that I thought would match their personality rather than political views",19,5,-0.5,"6","",-0.5
"28",30,32,34,36,"2018-03-02 10:53:55","2018-03-02 11:25:34",0,"128.138.65.34",100,1899,1,"2018-03-02 11:25:35","R_2Vf5LKI0gC8URum",NA,NA,NA,NA,40.087799072266,-105.37349700928,"anonymous","EN",1,2,5,-1,-2,5,2,7,2,7,7,6,2,6,1,1832,1391,0,0,15.009,0,0,0,20.008,0,0,0,15.006,0,0,0,20.008,0,0,0,15.006,0,0,0,20.008,0,0,0,15.007,0,0,0,20.007,0,0,0,15.008,0,0,0,20.007,0,0,0,15.007,0,0,0,20.007,0,0,0,15.006,0,0,0,20.008,0,0,0,15.006,0,0,0,20.007,0,0,0,15.007,0,0,0,20.007,0,0,0,15.009,0,0,0,20.007,0,"2,10,6,5,9,1","3,4,7,8",6,1,NA,NA,4,3,NA,NA,5,2,NA,NA,1,2,NA,NA,3,4,NA,NA,"2,7,10,1,5,6","9,3,4,8",4,1,NA,NA,5,6,2,NA,NA,3,NA,NA,2,3,NA,NA,NA,4,1,NA,2,4,6,7,2,5,3,6,7,3,2,4,7,4,4,6,4,5,4,2,6,4,6,4,4,3,3,4,4,4,7,NA,4,4,4,4,4,0,1,0,0,0,0,0,0,1,0,2,4,6,4,3,"I choose the ones I liked more because we had similar political views",20,12,-0.5,"6","",-0.5
"29",31,33,35,37,"2018-03-02 11:47:16","2018-03-02 12:26:22",0,"128.138.65.220",100,2346,1,"2018-03-02 12:26:22","R_9t7n47ulSyDp7Sd",NA,NA,NA,NA,40.087799072266,-105.37349700928,"anonymous","",1,2,5,-1,-1,7,6,7,7,7,3,5,1,6,5,2461,3729,0,0,15.002,0,0,0,20.003,0,0,0,15.003,0,0,0,20.003,0,0,0,15.002,0,0,0,20.003,0,0,0,15.003,0,0,0,20.003,0,0,0,15.003,0,0,0,20.003,0,0,0,15.002,0,0,0,20.002,0,0,0,15.003,0,0,0,20.003,0,0,0,15.003,0,0,0,20.003,0,0,0,15.003,0,0,0,20.003,0,0,0,15.003,0,0,0,20.003,0,"5,10,6,1,3,2","9,7,8,4",4,6,5,NA,1,3,NA,NA,NA,2,NA,NA,NA,4,NA,NA,2,3,1,NA,"8,1,7,9,5,3","10,4,2,6",2,NA,6,NA,5,NA,3,1,4,NA,NA,3,NA,2,NA,4,NA,NA,NA,1,6,5,4,3,5,7,7,5,4,4,5,5,5,4,5,2,4,4,3,3,4,5,4,4,4,4,4,7,2,7,2,4,4,4,4,4,3,0,0,0,0,0,0,0,0,0,0,3,4,4,7,3,"trying to decide whether they were liberal or conservative themselves.",19,8,-0.5,"3","couldn't hear majority of the songs. ",0.5
"30",32,34,36,38,"2018-03-02 11:48:24","2018-03-02 12:44:29",0,"128.138.65.88",100,3364,1,"2018-03-02 12:44:29","R_1KcGtIjzjjAxlMP",NA,NA,NA,NA,40.087799072266,-105.37349700928,"anonymous","EN",1,3,5,0,0,5,6,6,2,7,2,5,3,6,3,1832,3729,0,0,15.008,0,0,0,20.006,0,0,0,15.008,0,0,0,60.028,0,0,0,15.008,0,0,0,40.018,0,0,0,15.008,0,0,0,20.006,0,0,0,15.007,0,0,0,20.008,0,0,0,15.005,0,0,0,20.007,0,0,0,15.006,0,0,0,20.006,0,0,0,15.006,0,0,0,20.006,0,0,0,15.006,0,0,0,20.006,0,0,0,15.007,0,0,0,20.007,0,"2,6,10,1,7,8","9,4,3,5",4,1,NA,NA,NA,2,5,6,NA,3,NA,NA,3,2,4,NA,NA,NA,1,NA,"9,8,7,10,4,6","3,2,5,1",NA,NA,NA,5,NA,6,3,2,1,4,4,2,1,NA,3,NA,NA,NA,NA,NA,3,5,6,7,1,4,2,5,6,2,4,2,5,5,5,4,6,2,2,2,4,2,5,5,5,6,3,5,3,4,3,4,4,5,4,4,4,0,0,0,0,0,0,0,0,0,0,1,1,1,3,NA,"based on their personality traits at the bottom of the survey",20,12,-0.5,"6","a few errors at the start",-0.5
"31",33,35,37,39,"2018-03-05 16:31:08","2018-03-05 16:51:25",0,"128.138.65.231",100,1217,1,"2018-03-05 16:51:26","R_w7Ay5P22qTkg5J7",NA,NA,NA,NA,40.014999389648,-105.27059936523,"anonymous","EN",1,1,5,-1,-2,6,6,6,6,7,5,5,3,5,3,1832,3729,0,0,15.007,0,0,0,20.006,0,0,0,15.007,0,0,0,20.006,0,0,0,15.006,0,0,0,20.006,0,0,0,15.007,0,0,0,20.005,0,0,0,15.007,0,0,0,20.006,0,0,0,15.007,0,0,0,20.007,0,0,0,15.006,0,0,0,20.007,0,0,0,15.008,0,0,0,20.007,0,0,0,15.005,0,0,0,20.006,0,0,0,15.006,0,0,0,20.006,0,"6,10,4,5,7,8","9,2,1,3",NA,NA,NA,3,4,1,5,6,NA,2,3,2,4,NA,NA,NA,NA,NA,1,NA,"6,10,7,1,8,5","9,2,3,4",4,NA,NA,NA,6,1,3,5,NA,2,NA,2,3,4,NA,NA,NA,NA,1,NA,2,3,7,7,1,4,2,3,3,1,5,6,7,4,4,1,7,5,1,1,3,5,7,5,5,2,7,5,4,4,3,NA,2,5,5,5,3,0,0,0,0,0,1,0,0,0,1,5,3,6,5,2,"I was trying to put myself in that persons shoes and think about what kind of music i would want to hear if i don't really listen to music very often",19,99,-0.5,"4","",-0.5
"32",34,36,38,40,"2018-03-05 16:28:48","2018-03-05 16:52:21",0,"128.138.65.239",100,1413,1,"2018-03-05 16:52:22","R_1hzKYZZFUQoiP3I",NA,NA,NA,NA,40.014999389648,-105.27059936523,"anonymous","EN",1,1,5,-2,-2,7,1,5,7,7,1,7,6,5,2,1832,1391,0,0,15.007,0,0,0,20.007,0,0,0,15.007,0,0,0,20.008,0,0,0,15.009,0,0,0,20.007,0,0,0,15.007,0,0,0,20.007,0,0,0,15.007,0,0,0,20.007,0,0,0,15.007,0,0,0,20.006,0,0,0,15.007,0,0,0,20.007,0,0,0,15.007,0,0,0,20.006,0,0,0,15.007,0,0,0,20.007,0,0,0,15.008,0,0,0,20.007,0,"2,5,8,7,9,6","3,10,4,1",NA,1,NA,NA,2,6,4,3,5,NA,4,NA,1,3,NA,NA,NA,NA,NA,2,"9,5,2,7,8,6","3,1,10,4",NA,3,NA,NA,2,6,4,5,1,NA,2,NA,1,4,NA,NA,NA,NA,NA,3,2,2,6,7,1,4,3,4,5,1,2,4,4,2,4,5,3,4,3,3,3,3,4,2,NA,3,2,7,2,7,6,3,6,1,6,1,7,1,0,0,0,0,0,0,1,1,0,2,1,7,1,3,"I determined the playlist based on the descriptions that matched other peoples qualities ",20,99,-0.5,"6","",0.5
"33",35,37,39,41,"2018-03-05 16:29:42","2018-03-05 16:55:15",0,"128.138.65.216",100,1533,1,"2018-03-05 16:55:15","R_2r9jGQtYjXrAs17",NA,NA,NA,NA,40.014999389648,-105.27059936523,"anonymous","",1,2,5,-3,-2,5,2,6,5,6,3,7,3,5,3,2461,1391,0,0,15.002,0,0,0,20.003,0,0,0,15.003,0,0,0,20.003,0,0,0,15.002,0,0,0,20.002,0,0,0,15.003,0,0,0,20.002,0,0,0,15.003,0,0,0,20.003,0,0,0,15.002,0,0,0,20.003,0,0,0,15.002,0,0,0,20.003,0,0,0,15.003,0,0,0,20.003,0,0,0,15.003,0,0,0,20.003,0,0,0,15.003,0,0,0,20.002,0,"8,1,6,7,9,5","4,2,10,3",2,NA,NA,NA,6,3,4,1,5,NA,NA,2,4,1,NA,NA,NA,NA,NA,3,"4,6,1,3,5,10","9,8,7,2",3,NA,4,1,5,2,NA,NA,NA,6,NA,4,NA,NA,NA,NA,3,2,1,NA,2,7,4,1,7,2,4,3,5,5,6,4,4,2,3,6,4,5,2,5,6,4,7,1,2,2,3,6,2,6,7,2,7,1,1,1,7,0,0,0,1,0,0,0,0,1,0,3,2,3,4,3,"Whether that artist had similar beliefs as the other student.",19,11,-0.5,"2","",0.5
"34",36,38,40,42,"2018-03-06 11:34:21","2018-03-06 11:51:21",0,"128.138.65.53",100,1019,1,"2018-03-06 11:51:21","R_3G1wOKXQgiWToC3",NA,NA,NA,NA,40.014999389648,-105.27059936523,"anonymous","EN",1,2,5,-3,-3,6,6,6,6,7,5,7,2,6,5,2461,3729,0,0,15.007,0,11.856,11.856,20.007,1,0,0,15.007,0,3.459,3.459,20.007,1,0,0,15.008,0,0,0,20.005,0,0,0,15.007,0,0,0,20.008,0,0,0,15.008,0,0,0,20.007,0,0,0,15.007,0,0,0,20.007,0,0,0,15.007,0,0,0,20.007,0,0,0,15.009,0,0,0,20.008,0,0,0,15.005,0,0,0,20.007,0,0,0,15.006,0,0,0,20.007,0,"4,6,1,10","5,9,2,7",3,NA,NA,1,NA,2,NA,NA,NA,4,NA,3,NA,NA,1,NA,4,NA,2,NA,"5,7,9,8","4,10,6,1",NA,NA,NA,NA,1,NA,2,4,3,NA,4,NA,NA,1,NA,3,NA,NA,NA,2,2,2,7,1,7,2,2,2,2,5,5,1,4,1,4,1,6,6,2,2,2,6,4,6,2,7,3,1,7,1,1,7,1,7,1,7,1,0,0,0,0,0,0,0,0,0,0,2,2,2,4,2,"I looked at their information and matched it the ones that was similar to theirs",19,1,0.5,"2,6","",0.5
"35",37,39,41,43,"2018-03-06 11:20:51","2018-03-06 11:54:56",0,"128.138.65.216",100,2045,1,"2018-03-06 11:54:56","R_1S357OygIHfCK6p",NA,NA,NA,NA,40.014999389648,-105.27059936523,"anonymous","",1,2,5,-3,-3,7,3,5,5,6,1,5,3,3,2,1832,1391,0,0,15.003,0,0,0,20.003,0,0,0,15.003,0,0,0,20.002,0,0,0,15.003,0,0,0,20.003,0,0,0,15.002,0,0,0,20.003,0,0,0,15.002,0,0,0,20.005,0,0,0,15.002,0,0,0,20.002,0,0,0,15.003,0,0,0,20.003,0,0,0,15.002,0,0,0,20.003,0,0,0,15.003,0,0,0,20.003,0,0,0,15.002,0,0,0,20.003,0,"9,2,8,7,6,5","10,3,4,1",NA,2,NA,NA,6,5,4,3,1,NA,4,NA,2,3,NA,NA,NA,NA,NA,1,"9,1,5,2,8,7","3,10,6,4",2,4,NA,NA,3,NA,6,5,1,NA,NA,NA,1,4,NA,3,NA,NA,NA,2,2,3,6,7,1,5,1,4,5,1,3,4,4,5,5,5,1,1,1,1,2,4,4,3,5,3,1,6,3,6,4,3,4,2,3,1,7,0,0,0,0,0,0,0,0,0,0,4,5,5,5,2,"I wanted to make sure that it represented more of their personality rather than their political views.",18,8,-0.5,"6","",-0.5
"36",38,40,42,44,"2018-03-06 11:21:26","2018-03-06 11:55:11",0,"128.138.65.231",100,2025,1,"2018-03-06 11:55:12","R_1KcLM0Ayt6tXHV3",NA,NA,NA,NA,40.014999389648,-105.27059936523,"anonymous","EN",1,3,5,2,2,3,5,6,5,4,4,3,3,2,3,2461,1391,0,0,15.007,0,0,0,20.007,0,0,0,15.007,0,0,0,20.007,0,0,0,15.007,0,0,0,20.006,0,0,0,15.007,0,0,0,20.006,0,0,0,15.008,0,0,0,20.007,0,0,0,15.006,0,0,0,20.007,0,0,0,15.008,0,0,0,20.007,0,0,0,15.007,0,0,0,20.007,0,0,0,15.007,0,0,0,20.007,0,0,0,15.006,0,0,0,20.007,0,"9,10,6,1,8,7","2,4,3,5",4,NA,NA,NA,NA,3,6,5,1,2,NA,1,3,2,4,NA,NA,NA,NA,NA,"10,6,1,2,3,4","7,8,5,9",3,4,5,6,NA,2,NA,NA,NA,1,NA,NA,NA,NA,3,NA,1,2,4,NA,2,6,5,1,7,6,4,4,1,2,2,NA,4,6,4,4,6,6,1,5,5,2,5,1,2,2,5,6,6,5,3,3,5,1,4,4,4,1,1,0,0,1,1,1,0,1,1,2,4,5,6,3,"The other student appeared to be someone who may have a shorter fuse and not a huge appreciation for music, so I didn't want to include anything too genre-specific, as I thought that doing so would make it more likely for the student to dislike the playlist rather than enjoy it.",19,99,-0.5,"6","",-0.5
"37",39,41,43,45,"2018-03-06 11:56:43","2018-03-06 12:39:47",0,"128.138.65.231",100,2584,1,"2018-03-06 12:39:48","R_1BQ5OwCdyJwxUjP",NA,NA,NA,NA,40.014999389648,-105.27059936523,"anonymous","EN",1,2,5,0,1,5,4,4,6,5,6,7,3,3,4,1832,1391,0,0,15.007,0,0,0,20.008,0,0,0,15.007,0,0,0,20.007,0,0,0,15.007,0,0,0,20.006,0,0,0,15.006,0,0,0,20.007,0,0,0,15.007,0,0,0,20.006,0,0,0,15.006,0,0,0,20.006,0,0,0,15.008,0,0,0,20.006,0,0,0,15.006,0,0,0,20.007,0,0,0,15.006,0,0,0,20.007,0,0,0,15.008,0,0,0,20.006,0,"10,2,6,8,7,5","9,4,1,3",NA,2,NA,NA,6,3,5,4,NA,1,3,NA,4,2,NA,NA,NA,NA,1,NA,"10,7,6,5,8,9","1,2,4,3",NA,NA,NA,NA,4,3,2,5,6,1,1,2,4,3,NA,NA,NA,NA,NA,NA,3,4,5,7,1,3,2,5,6,4,5,5,4,5,6,3,5,1,2,2,4,4,5,5,5,3,4,7,6,5,5,NA,4,3,3,3,2,1,1,0,0,0,0,0,0,0,0,3,3,5,5,2,"follow what their personality is like in order to match the right genre to their personality",18,12,0.5,"6","",0.5
"38",40,42,44,46,"2018-03-06 11:56:05","2018-03-06 12:42:37",0,"128.138.65.216",100,2792,1,"2018-03-06 12:42:37","R_8ubZ5fwc7Crb8G1",NA,NA,NA,NA,40.014999389648,-105.27059936523,"anonymous","",1,3,5,0,0,3,4,6,3,7,6,6,1,6,2,2461,3729,0,0,15.003,0,0,0,20.003,0,0,0,15.003,0,0,0,20.003,0,0,0,15.003,0,0,0,20.003,0,0,0,15.003,0,0,0,20.002,0,0,0,15.003,0,0,0,20.003,0,0,0,15.002,0,0,0,20.003,0,0,0,15.002,0,0,0,20.003,0,0,0,15.003,0,0,0,20.003,0,0,0,15.002,0,0,0,20.003,0,0,0,15.003,0,0,0,20.003,0,"4,6,10,9,3,2","1,7,8,5",NA,6,5,1,NA,2,NA,NA,4,3,1,NA,NA,NA,4,NA,2,3,NA,NA,"6,4,10,9,5,2","1,3,8,7",NA,6,NA,2,5,1,NA,NA,4,3,1,NA,2,NA,NA,NA,4,3,NA,NA,5,6,3,4,5,7,6,1,4,4,6,4,6,4,3,4,6,5,5,5,6,4,6,3,2,3,6,5,5,5,5,5,4,4,4,7,5,0,0,0,0,0,0,0,0,0,0,1,1,3,5,2,"The beats and percussion.",19,3,0.5,"2,6","",-0.5
"39",41,43,45,47,"2018-03-06 12:45:12","2018-03-06 13:21:12",0,"128.138.65.216",100,2160,1,"2018-03-06 13:21:12","R_80oMsXdRIzLssx7",NA,NA,NA,NA,40.014999389648,-105.27059936523,"anonymous","",1,3,5,-1,-1,5,4,7,4,5,6,6,3,4,4,1832,3729,0,0,15.003,0,0,0,20.003,0,0,0,15.003,0,0,0,20.003,0,0,0,15.003,0,0,0,20.003,0,0,0,15.003,0,0,0,20.003,0,0,0,15.003,0,0,0,20.003,0,0,0,15.002,0,0,0,20.004,0,0,0,15.003,0,0,0,20.003,0,0,0,15.003,0,0,0,20.002,0,0,0,15.003,0,0,0,20.003,0,0,0,15.002,0,0,0,20.003,0,"2,1,3,5,10,6","9,8,4,7",2,1,3,NA,4,6,NA,NA,NA,5,NA,NA,NA,3,NA,NA,4,2,1,NA,"9,6,10,1,8,3","5,2,7,4",4,NA,6,NA,NA,2,NA,5,1,3,NA,2,NA,4,1,NA,3,NA,NA,NA,2,2,6,7,1,4,2,5,6,5,2,4,4,3,3,2,5,4,2,2,4,1,6,4,4,5,5,4,5,5,3,6,3,4,4,3,4,0,0,0,0,0,0,0,0,0,0,2,2,1,2,2,"the student i was given seemed to have a quiet personality with strong opinions that he/she did not share very often. I felt the student enjoyed being alone rather than interacting with others so i tried to pick songs that i would have chosen for myself when I would be in one of those moods.",19,2,0.5,"6","",-0.5
"40",42,44,46,48,"2018-03-06 12:59:04","2018-03-06 13:23:33",0,"128.138.65.53",100,1469,1,"2018-03-06 13:23:34","R_C4z7drds9r0KCXf",NA,NA,NA,NA,40.014999389648,-105.27059936523,"anonymous","EN",1,1,4,0,-2,5,7,7,1,7,6,6,1,7,1,2461,3729,0,0,15.008,0,0,0,20.007,0,0,0,15.007,0,0,0,20.007,0,0,0,15.007,0,0,0,20.007,0,0,0,15.007,0,0,0,20.008,0,0,0,15.007,0,0,0,20.007,0,0,0,15.008,0,0,0,20.008,0,0,0,15.007,0,0,0,20.008,0,0,0,15.008,0,0,0,20.007,0,0,0,15.007,0,0,0,20.007,0,0,0,15.008,0,0,0,20.007,0,"4,6,1,10,3","9,8,7,5,2",3,NA,5,1,NA,2,NA,NA,NA,4,NA,5,NA,NA,4,NA,3,2,1,NA,"9,8,7,5,2","4,6,1,3,10",NA,5,NA,NA,4,NA,3,2,1,NA,3,NA,4,1,NA,2,NA,NA,NA,5,3,5,7,1,7,2,2,2,2,1,4,1,1,1,1,1,2,3,3,4,2,3,2,3,3,2,1,4,6,4,1,5,3,6,7,4,3,0,0,0,0,0,0,0,0,0,0,3,2,7,7,2,"By looking at political views as well as anxiety and emotional stability",22,2,-0.5,"2","",-0.5
"41",43,45,47,49,"2018-03-06 12:46:24","2018-03-06 13:24:32",0,"128.138.65.231",100,2288,1,"2018-03-06 13:24:33","R_2CgqaMgvOwQXQu5",NA,NA,NA,NA,40.014999389648,-105.27059936523,"anonymous","EN",1,2,5,-2,-2,4,1,7,7,6,6,6,3,6,2,1832,1391,0,0,15.008,0,0,0,20.009,0,0,0,15.007,0,0,0,20.007,0,0,0,15.007,0,0,0,20.007,0,0,0,15.007,0,0,0,20.006,0,0,0,15.006,0,0,0,20.006,0,0,0,15.006,0,0,0,20.007,0,0,0,15.008,0,0,0,20.007,0,0,0,15.008,0,0,0,20.008,0,0,0,15.006,0,0,0,20.007,0,0,0,15.005,0,0,0,20.007,0,"7,8,2,5,9,10","4,6,1,3",NA,3,NA,NA,4,NA,1,2,5,6,3,NA,4,1,NA,2,NA,NA,NA,NA,"2,5,3,6,9,10","4,8,1,7",NA,1,3,NA,2,4,NA,NA,5,6,3,NA,NA,1,NA,NA,4,2,NA,NA,2,3,6,7,1,4,3,2,6,4,4,6,6,4,5,3,6,2,6,4,4,6,5,3,3,3,2,5,3,5,5,2,2,2,2,2,5,0,0,0,0,0,0,0,0,0,0,3,4,6,7,3,"I was trying to focus on their personality more than political view",19,99,-0.5,"4","",0.5
"42",44,46,48,50,"2018-03-12 16:14:27","2018-03-12 16:51:20",0,"128.138.65.129",100,2212,1,"2018-03-12 16:51:20","R_2WUoGtVZnQ90TMJ",NA,NA,NA,NA,40.014999389648,-105.27059936523,"anonymous","EN",1,3,5,1,2,5,6,6,2,5,3,6,6,6,2,2461,3729,0,0,15.008,0,0,0,20.007,0,0,0,15.007,0,0,0,20.008,0,0,0,15.007,0,0,0,20.006,0,0,0,15.008,0,0,0,20.007,0,0,0,15.008,0,0,0,20.007,0,0,0,15.008,0,0,0,20.007,0,0,0,15.006,0,0,0,20.008,0,0,0,15.007,0,0,0,20.006,0,0,0,15.006,0,0,0,20.006,0,0,0,15.007,0,0,0,20.007,0,"10,1,7,2,5,6","3,9,8,4",2,4,NA,NA,5,6,3,NA,NA,1,NA,NA,1,4,NA,NA,NA,3,2,NA,"9,8,7,1,4,6","3,5,10,2",4,NA,NA,5,NA,6,3,2,1,NA,NA,4,1,NA,2,NA,NA,NA,NA,3,3,4,5,4,4,7,7,6,6,1,2,2,5,5,5,3,5,3,3,1,5,1,6,6,NA,7,5,4,4,5,3,5,4,4,NA,4,3,0,0,0,0,0,0,0,0,0,0,1,1,1,3,3,"To match the mood of the song with the mood described by the student. Mine seemed to be calm and reserved so I figured the most relaxing/slow songs would be best.",19,3,0.5,"6","",-0.5
"43",45,47,49,51,"2018-03-12 16:15:19","2018-03-12 16:51:48",0,"128.138.65.213",100,2188,1,"2018-03-12 16:51:49","R_22lvB6wLGAjXEBv",NA,NA,NA,NA,40.014999389648,-105.27059936523,"anonymous","EN",1,3,5,-2,-2,5,2,5,2,5,5,5,3,6,3,1832,3729,0,0,15.02,0,0,0,20.008,0,0,0,15.007,0,0,0,20.006,0,0,0,15.007,0,0,0,20.007,0,0,0,15.006,0,0,0,20.005,0,0,0,15.007,0,0,0,20.007,0,0,0,15.006,0,0,0,20.007,0,0,0,15.007,0,0,0,20.006,0,0,0,15.007,0,0,0,20.006,0,0,0,15.006,0,0,0,20.006,0,0,0,15.007,0,0,0,20.008,0,"4,9,6,8,10,1","2,5,7,3",6,NA,NA,1,NA,3,NA,4,2,5,NA,1,4,NA,2,NA,3,NA,NA,NA,"9,4,7,6,8,10","2,3,5,1",NA,NA,NA,2,NA,4,3,5,1,6,4,1,2,NA,3,NA,NA,NA,NA,NA,2,3,6,7,1,5,4,4,2,2,7,2,4,4,4,6,4,4,2,2,5,3,5,5,5,6,4,3,7,7,3,5,3,6,4,4,4,0,0,0,1,0,0,0,0,1,0,4,2,5,4,2,"Tried to match more according to the bottom part of the survey (traits) rather than the first part. ",19,10,-0.5,"2","N/A",0.5
"44",46,48,50,52,"2018-03-12 16:13:25","2018-03-12 16:56:38",0,"128.138.65.216",100,2593,1,"2018-03-12 16:56:38","R_eWAJxZqaSDnM4Jv",NA,NA,NA,NA,40.014999389648,-105.27059936523,"anonymous","",1,1,5,-3,-2,7,3,6,6,7,2,6,6,5,2,1832,1391,0,0,15.003,0,0,0,20.003,0,0,0,15.003,0,0,0,20.004,0,0,0,15.003,0,0,0,20.003,0,0,0,15.003,0,0,0,20.003,0,0,0,15.003,0,0,0,20.002,0,0,0,15.002,0,0,0,20.003,0,0,0,15.003,0,0,0,20.003,0,0,0,15.002,0,0,0,20.002,0,0,0,15.002,0,0,0,20.003,0,0,0,15.003,0,0,0,20.002,0,"9,8,6,7,5,2","4,1,3,10",NA,6,NA,NA,5,3,4,2,1,NA,2,NA,3,1,NA,NA,NA,NA,NA,4,"9,7,8,5,2,3","4,6,1,10",NA,5,6,NA,4,NA,2,3,1,NA,3,NA,NA,1,NA,2,NA,NA,NA,4,3,3,6,7,1,4,1,1,1,1,2,1,1,5,3,5,2,1,1,1,1,1,1,5,5,7,2,7,7,7,7,7,7,3,7,4,7,0,0,0,0,0,0,0,0,1,0,4,3,5,6,2,"I wanted to make something that matched their personality. So something calm and not to overpowering considering their answers.",18,7,-0.5,"6","",0.5
"45",47,49,51,53,"2018-03-13 11:03:33","2018-03-13 11:59:52",0,"128.138.65.213",100,3378,1,"2018-03-13 11:59:53","R_2aLj8sDtPlTIfe4",NA,NA,NA,NA,40.014999389648,-105.27059936523,"anonymous","EN",1,3,5,-1,-1,7,3,6,6,7,1,7,6,5,1,1832,3729,0,0,15.007,0,0,0,20.006,0,0,0,15.006,0,0,0,20.007,0,0,0,15.006,0,0,0,20.007,0,0,0,15.007,0,0,0,20.007,0,0,0,15.006,0,0,0,20.007,0,0,0,15.006,0,0,0,20.006,0,0,0,15.006,0,0,0,20.007,0,0,0,15.006,0,0,0,20.006,0,0,0,15.006,0,0,0,20.007,0,0,0,15.007,0,0,0,20.006,0,"9,1,10,3,6,4","2,5,7,8",2,NA,4,6,NA,5,NA,NA,1,3,NA,1,NA,NA,2,NA,3,4,NA,NA,"4,6,10,1,3,7","2,9,8,5",4,NA,5,1,NA,2,6,NA,NA,3,NA,1,NA,NA,4,NA,NA,3,2,NA,2,3,5,7,1,3,3,3,2,5,2,3,6,2,3,6,7,2,3,6,2,3,6,3,3,3,5,4,5,NA,4,6,2,6,5,4,3,0,0,0,0,0,0,0,0,0,1,1,3,1,4,3,"I attempted to match the song's qualities to the fact that the student put ""disagree strongly"" for the sympathetic/warm quality. They also said they were uncreative, which would make something like jazz less appealing to them - since theres no lyrics and the the audience has to pay attention to the creative structure of the music. ",19,3,0.5,"2,6","",-0.5
"46",48,50,52,54,"2018-03-13 11:01:45","2018-03-13 12:00:55",0,"128.138.65.129",100,3550,1,"2018-03-13 12:00:56","R_2fH7SfXpKiHqsE7",NA,NA,NA,NA,40.014999389648,-105.27059936523,"anonymous","EN",1,2,5,-1,-2,7,4,7,5,7,1,5,1,5,2,2461,1391,0,0,15.008,0,0,0,20.007,0,0,0,15.007,0,0,0,20.007,0,0,0,15.006,0,0,0,20.007,0,0,0,15.007,0,0,0,20.008,0,0,0,15.008,0,0,0,20.007,0,0,0,15.006,0,0,0,20.006,0,0,0,15.007,0,0,0,20.007,0,0,0,15.007,0,0,0,20.007,0,0,0,15.006,0,0,0,20.007,0,0,0,15.006,0,0,0,20.007,0,"9,7,5,4,1,10","3,2,8,6",5,NA,NA,4,3,NA,2,NA,1,6,NA,2,1,NA,NA,4,NA,3,NA,NA,"6,4,9,5,7,10","3,2,1,8",NA,NA,NA,2,4,1,5,NA,3,6,3,2,1,NA,NA,NA,NA,4,NA,NA,3,6,5,1,7,7,5,7,4,1,4,6,4,6,4,6,4,1,4,4,7,4,7,4,4,7,4,1,4,7,5,2,7,2,4,1,4,0,0,0,0,0,0,0,0,0,0,1,3,1,1,2,"looked mostly at personality similarities that they had",18,99,-0.5,"6","",0.5
"47",49,51,53,55,"2018-03-13 12:07:37","2018-03-13 12:35:42",0,"128.138.65.129",100,1684,1,"2018-03-13 12:35:43","R_332QSPommf2k5Et",NA,NA,NA,NA,40.014999389648,-105.27059936523,"anonymous","EN",1,1,5,0,-1,6,6,6,4,6,3,4,1,6,3,1832,1391,0,0,15.009,0,0,0,20.009,0,0,0,15.008,0,0,0,20.007,0,0,0,15.007,0,0,0,20.008,0,0,0,15.007,0,0,0,20.008,0,0,0,15.008,0,0,0,20.007,0,0,0,15.008,0,0,0,20.007,0,0,0,15.006,0,0,0,20.007,0,0,0,15.008,0,0,0,20.009,0,0,0,15.007,0,0,0,20.007,0,0,0,15.007,0,0,0,20.006,0,"9,5,1,6,7,8","3,2,4,10",3,NA,NA,NA,2,4,5,6,1,NA,NA,2,1,3,NA,NA,NA,NA,NA,4,"1,5,10,7,6,9","3,4,2,8",1,NA,NA,NA,2,5,4,NA,6,3,NA,3,1,2,NA,NA,NA,4,NA,NA,3,3,6,7,1,4,5,2,1,1,1,3,3,NA,3,5,1,4,1,1,5,4,4,4,5,4,4,4,7,7,7,4,4,4,4,4,4,0,0,0,0,0,0,0,0,0,0,2,1,1,4,3,"My personal opinion drove most of my decisions because I feel I have a pretty universal taste in music (to an extent). ",22,99,0.5,"6","",0.5
"48",50,52,54,56,"2018-03-13 12:08:02","2018-03-13 12:38:05",0,"128.138.65.213",100,1803,1,"2018-03-13 12:38:06","R_2xLXgxqz2nwF1bN",NA,NA,NA,NA,40.014999389648,-105.27059936523,"anonymous","EN",1,3,4,1,2,6,2,6,4,5,5,6,2,5,3,1832,1391,0,0,15.008,0,0,0,20.008,0,0,0,15.006,0,0,0,20.007,0,0,0,15.007,0,0,0,20.006,0,0,0,15.008,0,0,0,20.007,0,0,0,15.007,0,0,0,20.006,0,0,0,15.008,0,0,0,20.006,0,0,0,15.006,0,0,0,20.006,0,0,0,15.007,0,0,0,20.007,0,0,0,15.006,0,0,0,20.007,0,0,0,15.006,0,0,0,20.006,0,"8,10,1,5,7,6","9,4,2,3",3,NA,NA,NA,4,6,5,1,NA,2,NA,3,4,2,NA,NA,NA,NA,1,NA,"4,9,2,6,10,7","3,8,1,5",NA,3,NA,1,NA,4,6,NA,2,5,3,NA,1,NA,4,NA,NA,2,NA,NA,2,3,6,7,1,6,4,4,3,6,4,3,4,3,6,2,2,5,2,5,4,5,5,4,6,1,2,4,6,4,4,5,NA,2,4,3,4,0,0,0,0,0,0,0,0,0,0,2,2,2,5,2,"timbre and musical category (i.e. country, jazz, rock, pop, etc.)",21,7,0.5,"1,6","",0.5
"49",51,53,55,57,"2018-03-13 11:02:51","2018-03-13 12:38:08",0,"128.138.65.216",100,5717,1,"2018-03-13 12:38:08","R_82DwcyJbZ4F0LNX",NA,NA,NA,NA,40.014999389648,-105.27059936523,"anonymous","",1,2,5,-2,-2,5,4,6,2,6,2,5,2,6,5,2461,3729,0,0,15.003,0,0,0,20.003,0,0,0,15.003,0,0,0,20.002,0,0,0,15.002,0,0,0,20.024,0,0,0,15.003,0,0,0,20.003,0,0,0,15.003,0,0,0,20.003,0,0,0,15.003,0,0,0,20.003,0,0,0,15.003,0,0,0,20.003,0,0,0,15.002,0,0,0,20.003,0,0,0,15.003,0,0,0,20.003,0,0,0,15.003,0,0,0,20.003,0,"7,1,4,2,5,10","9,6,8,3",2,4,NA,3,5,NA,1,NA,NA,6,NA,NA,4,NA,NA,2,NA,3,1,NA,"7,8,10,9,2,5","3,1,6,4",NA,5,NA,NA,6,NA,1,2,4,3,2,NA,1,4,NA,3,NA,NA,NA,NA,2,7,4,1,7,4,3,5,5,4,3,6,4,6,6,3,6,2,5,4,3,7,2,6,7,6,5,1,3,4,2,7,3,7,6,5,2,1,0,0,0,0,0,0,0,1,1,4,3,3,5,3,"political views",19,7,0.5,"2","Couldn't remember all of the songs",-0.5
"50",52,54,56,58,"2018-03-13 12:46:30","2018-03-13 13:22:30",0,"128.138.65.216",100,2160,1,"2018-03-13 13:22:30","R_2h2G2p2tzm6FYgZ",NA,NA,NA,NA,40.014999389648,-105.27059936523,"anonymous","",1,2,5,1,-1,5,5,6,5,6,6,7,2,6,6,1832,3729,0,0,15.003,0,0,0,20.003,0,0,0,15.003,0,0,0,20.002,0,0,0,15.002,0,0,0,20.003,0,0,0,15.002,0,0,0,20.003,0,0,0,15.003,0,0,0,20.003,0,0,0,15.002,0,0,0,20.003,0,0,0,15.003,0,0,0,20.005,0,0,0,15.003,0,0,0,20.006,0,0,0,15.002,0,0,0,20.003,0,0,0,15.003,0,0,0,20.003,0,"9,3,2,10,1,8","5,7,6,4",5,3,2,NA,NA,NA,NA,6,1,4,NA,NA,NA,4,1,3,2,NA,NA,NA,"3,6,2,4,1,10","8,9,7,5",5,3,1,4,NA,2,NA,NA,NA,6,NA,NA,NA,NA,4,NA,3,1,2,NA,2,3,5,6,2,3,3,4,5,2,3,3,4,4,4,5,3,5,5,6,4,5,3,2,2,3,5,5,6,2,6,2,2,5,5,4,5,0,1,1,0,1,0,0,1,0,0,2,3,5,4,3,"My main goal was to match the songs based on the political view of the person and if the song seemed to match then I put it in the playlist.",18,7,-0.5,"2,6","",-0.5
"51",53,55,57,59,"2018-03-13 12:46:47","2018-03-13 13:22:48",0,"128.138.65.129",100,2161,1,"2018-03-13 13:22:48","R_2VPdnpUEWoUvUcx",NA,NA,NA,NA,40.014999389648,-105.27059936523,"anonymous","EN",1,3,5,1,2,5,5,3,3,6,5,6,2,3,3,1832,1391,0,0,15.062,0,0,0,20.007,0,0,0,15.009,0,0,0,20.007,0,0,0,15.008,0,0,0,20.008,0,0,0,15.006,0,0,0,20.008,0,0,0,15.007,0,0,0,20.008,0,0,0,15.009,0,0,0,20.008,0,0,0,15.007,0,0,0,20.007,0,0,0,15.007,0,0,0,20.008,0,0,0,15.007,0,0,0,20.008,0,0,0,15.007,0,0,0,20.006,0,"1,9,6,4,5,2","3,7,8,10",1,6,NA,4,5,3,NA,NA,2,NA,NA,NA,1,NA,NA,NA,2,3,NA,4,"9,8,2,3,7,5","4,6,1,10",NA,3,4,NA,6,NA,5,2,1,NA,3,NA,NA,1,NA,2,NA,NA,NA,4,2,3,6,7,1,4,2,5,4,1,4,5,2,1,2,6,5,3,2,3,2,2,3,2,4,3,2,5,5,4,2,7,3,1,1,3,3,0,0,0,0,0,0,0,0,1,0,1,2,2,3,2,"Since my  student was very liberal, I assumed they would not enjoy county music. They also did no listen to music that much so I included songs that sounded more simple. ",18,12,-0.5,"2,6","The experiment is a really interesting idea, however, it was hard to remember what the songs sounded like",0.5
"52",54,56,58,60,"2018-03-14 16:07:31","2018-03-14 16:52:45",0,"128.138.65.186",100,2714,1,"2018-03-14 16:52:46","R_115AYZDrwFqJN8V",NA,NA,NA,NA,40.014999389648,-105.27059936523,"anonymous","EN",1,3,5,-2,-2,7,2,5,4,5,2,5,2,6,5,107163213,3729,0,0,15.006,0,0,0,20.008,0,0,0,15.006,0,0,0,20.006,0,0,0,15.006,0,0,0,20.006,0,0,0,15.006,0,0,0,20.006,0,0,0,15.006,0,0,0,20.007,0,0,0,15.006,0,0,0,20.008,0,0,0,15.006,0,0,0,20.006,0,0,0,15.006,0,0,0,20.007,0,0,0,15.006,0,0,0,20.007,0,0,0,15.006,0,0,0,20.006,0,"10,2,3,7,5,6","9,4,1,8",NA,2,3,NA,5,6,4,NA,NA,1,3,NA,NA,2,NA,NA,NA,4,1,NA,"1,4,8,7,6,10","2,5,3,9",1,NA,NA,2,NA,5,4,3,NA,6,NA,1,3,NA,2,NA,NA,NA,4,NA,3,7,4,1,7,4,4,4,6,4,1,5,4,5,3,2,6,5,2,NA,1,4,3,4,5,3,3,5,2,3,2,3,6,6,3,3,5,0,0,0,0,0,0,0,0,0,0,6,3,2,5,2,"Im not much into politics ",20,99,0.5,"6","",0.5
"53",55,57,59,61,"2018-03-14 16:05:30","2018-03-14 16:56:18",0,"128.138.65.216",100,3048,1,"2018-03-14 16:56:19","R_2crwrL3Bb08NQHP",NA,NA,NA,NA,40.014999389648,-105.27059936523,"anonymous","",1,2,5,0,-1,6,6,6,6,5,6,4,3,5,5,1832,3729,0,0,15.003,0,0,0,20.003,0,0,0,15.002,0,0,0,20.003,0,0,0,15.003,0,0,0,20.003,0,0,0,15.002,0,0,0,20.003,0,0,0,15.002,0,0,0,20.003,0,0,0,15.003,0,0,0,20.002,0,0,0,15.003,0,0,0,20.003,0,0,0,15.002,0,0,0,20.003,0,0,0,15.002,0,0,0,20.002,0,0,0,15.003,0,0,0,20.003,0,"1,5,3,9,6,10","4,2,8,7",1,NA,3,NA,2,5,NA,NA,4,6,NA,2,NA,1,NA,NA,4,3,NA,NA,"4,6,1,2,10,7","9,8,5,3",3,4,NA,1,NA,2,6,NA,NA,5,NA,NA,4,NA,3,NA,NA,2,1,NA,3,2,6,7,1,3,4,6,6,6,3,5,3,3,3,6,3,4,3,3,5,1,6,2,1,2,3,4,4,4,4,4,4,4,4,4,4,1,0,0,0,0,0,0,0,1,0,1,1,3,3,2,"find thing they had in common with the artist",18,11,-0.5,"6","",-0.5
"54",56,58,60,62,"2018-03-15 12:17:44","2018-03-15 16:06:06",0,"128.138.65.129",100,13701,1,"2018-03-15 16:06:06","R_40fF53sx3ZAe3IZ",NA,NA,NA,NA,40.014999389648,-105.27059936523,"anonymous","EN",1,2,5,2,2,7,1,6,2,7,1,7,1,6,2,1832,1391,0,0,15.007,0,0,0,20.007,0,0,0,15.006,0,0,0,20.007,0,0,0,15.006,0,0,0,20.007,0,0,0,15.007,0,0,0,20.008,0,0,0,15.007,0,0,0,20.007,0,0,0,15.008,0,0,0,20.006,0,0,0,15.007,0,0,0,20.007,0,0,0,15.006,0,0,0,20.007,0,0,0,15.005,0,0,0,20.007,0,0,0,15.008,0,0,0,20.006,0,"1,5,10,7,6,8","9,3,4,2",1,NA,NA,NA,2,5,4,6,NA,3,NA,4,2,3,NA,NA,NA,NA,1,NA,"10,1,7,4,5,8","6,2,9,3",2,NA,NA,4,5,NA,3,6,NA,1,NA,2,4,NA,NA,1,NA,NA,3,NA,4,4,4,4,4,4,4,2,2,2,2,2,2,2,2,2,2,2,2,2,2,2,2,2,2,2,2,4,4,4,4,4,4,4,4,4,4,0,0,0,0,0,0,0,0,0,0,1,1,1,1,2,"Randomly chose because all the songs are different. ",19,99,-0.5,"6","",-0.5
"55",57,59,61,63,"2018-03-15 12:19:30","2018-03-15 16:09:48",0,"128.138.65.216",100,13818,1,"2018-03-15 16:09:48","R_3JWnkFYROyaUWl7",NA,NA,NA,NA,40.014999389648,-105.27059936523,"anonymous","",1,3,5,0,0,5,NA,6,5,6,1,4,4,5,2,108749194,1391,5.328,5.328,15.003,1,0,0,20.003,0,0,0,15.003,0,0,0,20.003,0,0,0,15.003,0,0,0,20.003,0,0,0,15.003,0,0,0,20.003,0,0,0,15.003,0,0,0,20.003,0,0,0,15.003,0,0,0,20.003,0,0,0,15.003,0,0,0,20.003,0,0,0,15.003,0,0,0,20.003,0,0,0,15.002,0,0,0,20.005,0,0,0,15.002,0,0,0,20.003,0,"9,7,8,3,4,1","10,5,6,2",6,NA,4,5,NA,NA,2,3,1,NA,NA,4,NA,NA,2,3,NA,NA,NA,1,"4,1,7,8,9,3","6,10,5,2",2,NA,6,1,NA,NA,3,4,5,NA,NA,4,NA,NA,3,1,NA,NA,NA,2,7,4,3,3,3,6,5,NA,4,6,6,2,2,5,4,5,5,3,3,6,6,5,3,4,5,6,3,NA,3,4,3,5,4,NA,2,7,5,0,0,0,0,0,0,0,0,0,0,1,1,NA,4,2,"What songs I enjoyed",19,99,0.5,"6","",0.5
"56",58,60,62,64,"2018-03-15 12:18:56","2018-03-15 16:10:26",0,"128.138.65.186",100,13890,1,"2018-03-15 16:10:26","R_22Wi1bInyvF7VQK",NA,NA,NA,NA,40.014999389648,-105.27059936523,"anonymous","EN",1,2,5,-1,-1,5,4,6,5,5,6,6,2,5,3,2461,1391,0,0,15.007,0,0,0,20.006,0,0,0,15.006,0,0,0,20.006,0,0,0,15.007,0,0,0,20.006,0,0,0,15.006,0,0,0,20.006,0,0,0,15.008,0,0,0,20.007,0,0,0,15.007,0,0,0,20.007,0,0,0,15.007,0,0,0,20.006,0,0,0,15.006,0,0,0,20.006,0,0,0,15.006,0,0,0,20.007,0,0,0,15.005,0,0,0,20.006,0,"4,1,2,6,9,7","10,5,3,8",2,3,NA,1,NA,4,6,NA,5,NA,NA,NA,3,NA,2,NA,NA,4,NA,1,"4,6,9,1,10,2","3,7,8,5",4,6,NA,1,NA,2,NA,NA,3,5,NA,NA,1,NA,4,NA,2,3,NA,NA,5,5,2,6,6,5,5,5,5,1,7,4,7,4,5,6,4,5,4,3,3,4,5,2,2,5,5,6,5,6,3,4,4,2,2,3,5,0,0,0,0,0,0,0,0,0,0,1,2,2,3,3,"I wanted to make sure the other person would enjoy the music so i listened for catchy rhythms and then i decided based on the lyrics if they had any. I based the music off of their personality traits",19,11,-0.5,"6","",-0.5
"57",59,61,63,65,"2018-03-15 16:11:52","2018-03-15 16:54:53",0,"128.138.65.129",100,2580,1,"2018-03-15 16:54:53","R_3kbvGNe6tMgwhoN",NA,NA,NA,NA,40.014999389648,-105.27059936523,"anonymous","EN",1,2,5,1,-1,6,6,6,3,7,5,3,3,7,4,1832,3729,0,0,15.008,0,0,0,20.007,0,0,0,15.007,0,9.784,10.336,20.007,2,0,0,15.007,0,0,0,20.006,0,0,0,15.007,0,0,0,20.007,0,0,0,15.008,0,0,0,20.007,0,0,0,15.007,0,0,0,20.008,0,0,0,15.006,0,0,0,20.008,0,0,0,15.008,0,0,0,20.007,0,0,0,15.007,0,0,0,20.007,0,0,0,15.006,0,0,0,20.007,0,"1,10,3,2,7,4","8,5,6,9",1,4,3,6,NA,NA,5,NA,NA,2,NA,NA,NA,NA,2,3,NA,1,4,NA,"1,2,8,3,5,7","9,4,6,10",1,2,4,NA,5,NA,6,3,NA,NA,NA,NA,NA,2,NA,3,NA,NA,1,4,4,7,4,4,4,7,5,4,5,6,5,6,5,6,5,6,6,5,6,5,5,6,5,6,5,6,5,4,4,4,4,4,4,4,4,4,4,0,0,0,0,0,0,0,0,0,0,4,4,4,4,2,"If it fit their personality or not
",19,12,0.5,"2","",-0.5
"58",60,62,64,66,"2018-03-15 16:11:35","2018-03-15 16:56:11",0,"128.138.65.186",100,2676,1,"2018-03-15 16:56:12","R_1cTyIaGpSLbjviq",NA,NA,NA,NA,40.014999389648,-105.27059936523,"anonymous","EN",1,2,5,-1,-1,4,6,4,5,7,6,6,3,5,2,1832,1391,0,0,15.007,0,0,0,20.008,0,0,0,15.006,0,0,0,20.006,0,0,0,15.006,0,0,0,20.007,0,0,0,15.006,0,0,0,20.007,0,0,0,15.007,0,0,0,20.005,0,0,0,15.007,0,0,0,20.006,0,0,0,15.006,0,0,0,20.007,0,0,0,15.006,0,0,0,20.007,0,0,0,15.007,0,0,0,20.007,0,0,0,15.006,0,0,0,20.006,0,"5,2,10,9,6,8","1,7,4,3",NA,2,NA,NA,1,5,NA,6,4,3,1,NA,4,3,NA,NA,2,NA,NA,NA,"6,5,8,2,9,10","3,7,1,4",NA,4,NA,NA,2,1,NA,3,5,6,3,NA,1,4,NA,NA,2,NA,NA,NA,5,6,6,3,2,5,6,1,5,2,3,6,6,5,6,5,6,3,6,1,4,6,6,5,6,5,6,7,4,5,3,2,2,2,2,3,4,1,0,0,1,0,0,0,0,0,0,2,1,6,6,3,"Main goal was to include music from each genre of music.",19,1,0.5,"4","",0.5
"59",61,63,65,67,"2018-03-15 16:12:13","2018-03-15 16:58:16",0,"128.138.65.216",100,2763,1,"2018-03-15 16:58:16","R_3kHu42L7jVXeWm9",NA,NA,NA,NA,40.014999389648,-105.27059936523,"anonymous","",1,4,5,-2,-2,1,5,7,2,5,6,2,7,7,4,2461,3729,0,0,15.003,0,0,0,20.003,0,0,0,15.003,0,0,0,20.003,0,0,0,15.003,0,0,0,20.003,0,0,0,15.003,0,0,0,20.002,0,0,0,15.003,0,0,0,20.003,0,0,0,15.002,0,0,0,20.002,0,0,0,15.003,0,0,0,20.003,0,0,0,15.003,0,0,0,20.002,0,0,0,15.003,0,0,0,20.004,0,0,0,15.002,0,0,0,20.002,0,"3,5,4,6,10,2","7,9,1,8",NA,6,1,3,2,4,NA,NA,NA,5,3,NA,NA,NA,NA,NA,1,4,2,NA,"3,9,5,7,6,2","1,4,10,8",NA,6,1,NA,3,5,4,NA,2,NA,1,NA,NA,2,NA,NA,NA,4,NA,3,2,7,4,1,7,6,3,4,6,7,2,7,5,3,3,1,5,5,5,7,4,5,4,6,4,6,5,7,7,7,7,5,4,4,3,4,6,0,0,0,0,0,0,0,0,0,0,2,1,1,3,3,"My main goal was to pick things from all over as they said they were open to new experiences",18,2,0.5,"6","It was hard to make the playlist as i kind of forgot what some of the artists sounded like",0.5
"60",62,64,66,68,"2018-03-16 09:08:11","2018-03-16 09:29:48",0,"128.138.65.186",100,1296,1,"2018-03-16 09:29:48","R_274fgTYfh7mfqZs",NA,NA,NA,NA,40.014999389648,-105.27059936523,"anonymous","EN",1,4,5,-1,1,6,5,7,4,5,6,6,4,7,4,105788943,3729,0,0,15.006,0,0,0,20.007,0,0,0,15.008,0,0,0,20.006,0,0,0,15.007,0,0,0,20.006,0,0,0,15.006,0,0,0,20.007,0,0,0,15.007,0,0,0,20.006,0,0,0,15.006,0,0,0,20.007,0,0,0,15.007,0,0,0,20.007,0,0,0,15.006,0,4.039,4.039,20.006,1,0,0,15.007,0,0,0,20.006,0,0,0,15.006,0,0,0,20.007,0,"6,9,8,4,7,10","2,3,5,1",NA,NA,NA,4,NA,1,5,3,2,6,4,1,2,NA,3,NA,NA,NA,NA,NA,"6,10,3,9","1,2,7,4,8,5",NA,NA,3,NA,NA,1,NA,NA,4,2,1,2,NA,4,6,NA,3,5,NA,NA,2,3,4,7,1,3,4,2,3,2,1,1,4,4,4,4,4,4,4,5,4,4,5,4,4,5,5,1,NA,NA,1,NA,1,7,7,7,NA,0,0,0,0,0,0,0,0,0,0,5,1,7,2,3,"",22,99,0.5,"6","",0.5
"61",63,65,67,69,"2018-03-16 09:07:01","2018-03-16 09:30:27",0,"128.138.65.216",100,1406,1,"2018-03-16 09:30:27","R_cACVif4ybPFsO3j",NA,NA,NA,NA,40.014999389648,-105.27059936523,"anonymous","",1,1,5,0,-1,6,3,6,3,6,5,7,3,6,2,2461,3729,0,0,15.002,0,0,0,20.003,0,0,0,15.002,0,0,0,20.004,0,0,0,15.002,0,0,0,20.003,0,0,0,15.003,0,0,0,20.002,0,0,0,15.002,0,0,0,20.003,0,0,0,15.003,0,0,0,20.003,0,0,0,15.002,0,0,0,20.003,0,0,0,15.003,0,0,0,20.003,0,0,0,15.003,0,0,0,20.002,0,0,0,15.003,0,0,0,20.004,0,"1,6,7,5,10,8","3,4,2,9",1,NA,NA,NA,4,2,3,6,NA,5,NA,3,1,2,NA,NA,NA,NA,4,NA,"6,7,10,8,1,5","3,2,4,9",5,NA,NA,NA,6,1,2,4,NA,3,NA,2,1,3,NA,NA,NA,NA,4,NA,2,7,4,1,7,5,5,6,1,1,5,6,5,5,6,5,6,6,2,2,5,7,5,6,6,4,7,6,7,7,5,4,3,3,3,1,4,0,0,0,0,0,0,0,0,0,0,4,4,5,6,3,"personality traits
",19,1,-0.5,"6","",-0.5
"62",64,66,68,70,"2018-03-16 09:07:39","2018-03-16 09:30:57",0,"128.138.65.129",100,1397,1,"2018-03-16 09:30:57","R_6JARQ1KtjVnXHRD",NA,NA,NA,NA,40.014999389648,-105.27059936523,"anonymous","EN",1,1,5,1,1,2,6,7,2,5,6,6,1,6,2,1832,1391,0,0,15.007,0,0,0,20.007,0,0,0,15.007,0,0,0,20.008,0,0,0,15.008,0,0,0,20.007,0,0,0,15.008,0,0,0,20.007,0,0,0,15.008,0,0,0,20.006,0,0,0,15.007,0,0,0,20.007,0,0,0,15.006,0,0,0,20.006,0,0,0,15.007,0,0,0,20.007,0,0,0,15.006,0,0,0,20.006,0,0,0,15.007,0,0,0,20.007,0,"9,7,8,10,1,6","3,5,2,4",5,NA,NA,NA,NA,6,2,3,1,4,NA,3,1,4,2,NA,NA,NA,NA,NA,"9,7,4,10,8,6","3,2,1,5",NA,NA,NA,3,NA,6,2,5,1,4,3,2,1,NA,4,NA,NA,NA,NA,NA,5,6,3,6,1,6,7,5,4,1,3,3,4,6,4,7,6,7,6,2,6,5,4,4,6,3,5,6,5,2,6,3,NA,5,4,4,6,0,0,0,0,0,0,0,0,0,0,1,1,1,3,2,"I based it off of what type of personality I visualized them having, their political views, and how often they listened to music.",18,6,-0.5,"2,6","",-0.5
"63",65,67,69,71,"2018-03-16 09:33:03","2018-03-16 10:04:04",0,"128.138.65.216",100,1861,1,"2018-03-16 10:04:04","R_2mnWokPFLsnfDOR",NA,NA,NA,NA,40.014999389648,-105.27059936523,"anonymous","",1,5,5,-1,-1,7,4,7,2,7,2,7,1,6,3,2461,1391,0,0,15.003,0,0,0,20.003,0,0,0,15.002,0,0,0,20.003,0,0,0,15.002,0,0,0,20.003,0,0,0,15.002,0,0,0,20.003,0,0,0,15.002,0,0,0,20.004,0,0,0,15.002,0,0,0,20.003,0,0,0,15.003,0,0,0,20.002,0,0,0,15.002,0,0,0,20.003,0,0,0,15.003,0,0,0,20.002,0,0,0,15.003,0,0,0,20.003,0,"6,2,8,1,9,7","3,5,4,10",4,2,NA,NA,NA,1,6,3,5,NA,NA,NA,1,3,2,NA,NA,NA,NA,4,"4,2,3,10,1,6","8,5,7,9",5,2,3,1,NA,6,NA,NA,NA,4,NA,NA,NA,NA,2,NA,3,1,4,NA,3,7,3,1,7,4,4,5,4,1,4,5,7,5,5,4,1,4,5,4,5,4,2,3,3,2,5,5,4,6,6,4,2,4,4,3,5,1,0,0,0,0,0,0,0,0,0,3,3,7,7,2,"Political views",20,99,-0.5,"2,6","It was difficult to remember which title went with what song. It would be helpful if we could've had an option to play a song again when deciding the playlists. Or use fewer songs.",-0.5
"64",66,68,70,72,"2018-03-16 09:33:49","2018-03-16 10:04:13",0,"128.138.65.186",100,1824,1,"2018-03-16 10:04:14","R_1F4k3ohS8llD3ZP",NA,NA,NA,NA,40.014999389648,-105.27059936523,"anonymous","EN",1,3,5,1,2,3,2,2,5,5,3,2,1,6,3,2461,3729,0,0,15.007,0,0,0,20.009,0,0,0,15.007,0,0,0,20.007,0,0,0,15.006,0,0,0,20.008,0,0,0,15.007,0,0,0,20.006,0,0,0,15.008,0,0,0,20.009,0,0,0,15.007,0,0,0,20.007,0,0,0,15.007,0,0,0,20.007,0,0,0,15.009,0,0,0,20.007,0,0,0,15.007,0,0,0,20.007,0,0,0,15.006,0,0,0,20.007,0,"2,3,4,1,6,5","9,7,8,10",4,1,2,3,6,5,NA,NA,NA,NA,NA,NA,NA,NA,NA,NA,2,3,1,4,"3,4,5,9,8,7","2,6,1,10",NA,NA,1,2,3,NA,6,5,4,NA,3,1,NA,NA,NA,2,NA,NA,NA,4,3,7,5,1,7,3,4,3,5,6,5,3,4,3,6,1,5,5,3,5,6,3,5,5,5,5,5,5,7,7,5,5,4,4,3,6,4,0,0,0,0,0,0,0,0,0,0,5,5,4,5,1,"Whether they sounded conservative",18,12,-0.5,"4","",-0.5
"65",67,69,71,73,"2018-03-16 09:33:22","2018-03-16 10:04:31",0,"128.138.65.129",100,1868,1,"2018-03-16 10:04:32","R_2f1mOGklcaASCFD",NA,NA,NA,NA,40.014999389648,-105.27059936523,"anonymous","EN",1,2,4,1,-2,3,6,6,5,5,2,3,6,6,5,1832,3729,0,0,15.008,0,0,0,20.011,0,0,0,15.008,0,0,0,20.008,0,0,0,15.007,0,0,0,20.009,0,0,0,15.007,0,0,0,20.007,0,0,0,15.007,0,0,0,20.007,0,0,0,15.007,0,0,0,20.006,0,0,0,15.007,0,0,0,20.007,0,0,0,15.007,0,0,0,20.007,0,0,0,15.007,0,0,0,20.006,0,0,0,15.007,0,0,0,20.006,0,"3,8,1,2,10,5","7,4,6,9",3,4,1,NA,6,NA,NA,2,NA,5,NA,NA,NA,2,NA,3,1,NA,4,NA,"7,8,1,5,4,6","3,2,10,9",3,NA,NA,5,4,6,1,2,NA,NA,NA,2,1,NA,NA,NA,NA,NA,4,3,3,3,4,6,2,3,6,6,6,6,5,6,4,2,4,5,3,6,2,2,6,5,5,7,6,3,4,5,5,3,3,6,2,4,6,2,2,0,0,0,0,0,0,1,0,0,0,2,2,2,4,3,"i  based what type of music they would like based on their personality and what type of music that personality would like",19,11,0.5,"6","",0.5
"66",68,70,72,74,"2018-03-16 10:06:02","2018-03-16 10:48:28",0,"128.138.65.216",100,2546,1,"2018-03-16 10:48:28","R_3wPp0PMjGjiUhut",NA,NA,NA,NA,40.014999389648,-105.27059936523,"anonymous","",1,3,5,-1,0,7,4,7,1,7,4,4,1,7,1,1832,1391,0.021,0.021,15.002,1,0,0,20.006,0,3.041,3.281,15.002,2,0,0,20.003,0,0,0,15.002,0,0,0,20.002,0,0,0,15.002,0,0,0,20.003,0,0,0,15.003,0,0,0,20.006,0,0,0,15.003,0,0,0,20.003,0,0,0,15.003,0,0,0,20.003,0,0,0,15.002,0,0,0,20.003,0,0,0,15.003,0,0,0,20.003,0,0,0,15.002,0,0,0,20.003,0,"1,9,3,6,8","5,10,4,7,2",1,NA,3,NA,NA,4,NA,5,2,NA,NA,5,NA,3,1,NA,4,NA,NA,2,"2,8,5,9,7","3,1,10,4,6",NA,1,NA,NA,3,NA,5,2,4,NA,2,NA,1,4,NA,5,NA,NA,NA,3,7,7,5,5,3,6,7,4,4,4,4,4,4,4,4,4,4,3,3,3,3,3,3,3,3,3,3,5,NA,3,5,5,5,3,3,3,5,0,0,0,0,0,0,0,0,0,0,3,3,4,4,3,"The vibes I was getting",19,1,-0.5,"6","",-0.5
"67",69,71,73,75,"2018-03-16 10:05:31","2018-03-16 10:48:46",0,"128.138.65.186",100,2595,1,"2018-03-16 10:48:47","R_2U4xiOvw9EwsmaU",NA,NA,NA,NA,40.014999389648,-105.27059936523,"anonymous","EN",1,3,5,-1,-1,2,4,5,5,4,5,6,6,3,5,2461,1391,0,0,15.007,0,0,0,20.008,0,0,0,15.007,0,0,0,20.006,0,0,0,15.006,0,0,0,20.007,0,0,0,15.006,0,0,0,20.007,0,0,0,15.007,0,0,0,20.006,0,0,0,15.006,0,0,0,20.006,0,0,0,15.006,0,0,0,20.006,0,0,0,15.008,0,0,0,20.007,0,0,0,15.007,0,0,0,20.007,0,0,0,15.005,0,0,0,20.007,0,"2,3,7,5,4,1","10,6,8,9",6,1,2,5,4,NA,3,NA,NA,NA,NA,NA,NA,NA,NA,2,NA,3,4,1,"1,2,8,3,7,4","6,5,9,10",1,2,4,6,NA,NA,5,3,NA,NA,NA,NA,NA,NA,2,1,NA,NA,3,4,2,3,6,1,7,5,3,5,5,5,5,4,4,4,3,3,3,6,6,6,2,2,2,2,5,3,3,5,5,5,4,4,4,4,4,4,4,0,1,0,0,0,0,0,0,0,0,2,2,1,2,2,"I chose what i thought were the best songs and put them on there.",22,1,0.5,"2,6","",0.5
"68",70,72,74,76,"2018-03-16 10:05:44","2018-03-16 10:53:15",0,"128.138.65.129",100,2850,1,"2018-03-16 10:53:15","R_xf7H1F4E5DvZM0V",NA,NA,NA,NA,40.014999389648,-105.27059936523,"anonymous","EN",1,5,5,-3,-3,6,3,6,3,7,5,7,1,3,1,1832,1391,0,0,15.008,0,0,0,20.009,0,0,0,15.008,0,0,0,20.008,0,0,0,15.007,0,0,0,20.008,0,0,0,15.007,0,0,0,20.008,0,0,0,15.007,0,0,0,20.007,0,0,0,15.006,0,0,0,20.008,0,0,0,15.008,0,0,0,20.008,0,0,0,15.008,0,0,0,20.007,0,0,0,15.007,0,0,0,20.008,0,0,0,15.008,0,0,0,20.007,0,"4,9,8,7,5,2","3,10,1,6",NA,6,NA,1,5,NA,4,3,2,NA,3,NA,1,NA,NA,4,NA,NA,NA,2,"9,4,7,5,2,8","3,1,6,10",NA,5,NA,2,4,NA,3,6,1,NA,2,NA,1,NA,NA,3,NA,NA,NA,4,1,3,6,7,1,3,1,1,4,1,7,5,3,7,7,4,1,1,4,1,7,4,4,7,7,7,1,6,4,7,1,4,7,1,1,1,7,1,0,0,1,0,0,1,NA,0,0,4,5,6,4,2,"To create a playlist that would challenge their personal views and compliment it, but chose Democratic/liberal artists",21,99,-0.5,"6","",0.5
"69",71,73,75,77,"2018-03-16 10:58:02","2018-03-16 11:31:23",0,"128.138.65.129",100,2001,1,"2018-03-16 11:31:23","R_3MrMtyMb0yVpqn7",NA,NA,NA,NA,40.014999389648,-105.27059936523,"anonymous","EN",1,5,5,3,3,5,5,4,4,5,6,6,5,4,3,2461,1391,0,0,15.007,0,0,0,20.008,0,0,0,15.007,0,0,0,20.006,0,0,0,15.007,0,0,0,20.008,0,0,0,15.007,0,0,0,20.007,0,0,0,15.007,0,0,0,20.007,0,0,0,15.007,0,0,0,20.007,0,0,0,15.007,0,0,0,20.006,0,0,0,15.007,0,0,0,20.007,0,0,0,15.008,0,0,0,20.007,0,0,0,15.006,0,0,0,20.006,0,"3,1,8,4,9","2,5,6,7,10",2,NA,1,4,NA,NA,NA,3,5,NA,NA,1,NA,NA,2,3,4,NA,NA,5,"1,4,6,9,8,10","5,2,3,7",1,NA,NA,2,NA,3,NA,5,4,6,NA,2,3,NA,1,NA,4,NA,NA,NA,5,5,4,5,4,6,5,6,5,6,NA,4,4,4,3,5,6,4,5,4,5,4,5,4,4,6,6,5,3,7,3,6,3,4,4,5,3,0,0,0,0,0,0,0,0,0,0,7,7,7,6,3,"to enlighting people",20,5,0.5,"6","",0.5
"70",72,74,76,78,"2018-03-16 10:58:15","2018-03-16 11:31:59",0,"128.138.65.186",100,2024,1,"2018-03-16 11:32:00","R_1n6f4abdWetzkwq",NA,NA,NA,NA,40.014999389648,-105.27059936523,"anonymous","EN",1,2,5,0,0,6,3,5,5,6,6,7,2,5,2,1832,1391,1.747,1.747,15.006,1,0,0,20.009,0,0,0,15.008,0,0,0,20.006,0,0,0,15.006,0,0,0,20.009,0,0,0,15.007,0,0,0,20.006,0,0,0,15.007,0,0,0,20.007,0,0,0,15.007,0,0,0,20.007,0,0,0,15.007,0,0,0,20.006,0,0,0,15.006,0,0,0,20.007,0,0,0,15.007,0,0,0,20.006,0,0,0,15.006,0,0,0,20.008,0,"1,4,5,9","10,3,2,7,8,6",1,NA,NA,2,3,NA,NA,NA,4,NA,NA,3,2,NA,NA,6,4,5,NA,1,"1,10,7,4,6,8","5,3,9,2",1,NA,NA,4,NA,5,3,6,NA,2,NA,4,2,NA,1,NA,NA,NA,3,NA,6,7,5,5,5,4,6,6,5,5,4,5,5,4,5,5,1,6,5,6,5,6,5,5,5,4,3,6,3,5,5,4,2,NA,3,4,4,0,0,0,0,0,0,0,0,1,0,5,4,6,5,2,"my main goal was that I categorized based on the type of genre other students would have the same interest. ",21,99,0.5,"6","This was a interesting and fun experiment ",0.5
"71",73,75,77,79,"2018-03-16 10:57:42","2018-03-16 11:34:06",0,"128.138.65.216",100,2184,1,"2018-03-16 11:34:06","R_3TOYQ1eLadTDCuN",NA,NA,NA,NA,40.014999389648,-105.27059936523,"anonymous","",1,4,5,-1,0,5,6,7,7,7,6,5,1,4,5,2461,3729,0,0,15.002,0,0,0,20.003,0,0,0,15.003,0,0,0,20.003,0,0,0,15.003,0,0,0,20.003,0,0,0,15.003,0,0,0,20.003,0,0,0,15.002,0,0,0,20.005,0,0,0,15.002,0,0,0,20.002,0,0,0,15.003,0,0,0,20.003,0,0,0,15.003,0,0,0,20.003,0,0,0,15.003,0,0,0,20.003,0,0,0,15.003,0,0,0,20.026,0,"2,6,3,7,10,8","4,9,1,5",NA,1,3,NA,NA,2,4,6,NA,5,3,NA,NA,1,4,NA,NA,NA,2,NA,"9,1,5,6,2,10","3,4,7,8",2,5,NA,NA,3,4,NA,NA,1,6,NA,NA,1,2,NA,NA,3,4,NA,NA,2,5,3,1,7,4,6,2,2,2,2,2,2,2,2,2,2,5,4,5,4,6,4,1,1,1,1,4,4,4,4,4,4,4,4,4,4,0,0,0,0,0,0,0,0,0,0,1,1,1,4,2,"I looked at their personality. They said they were open to experiences so I tried a little of everything. ",18,99,-0.5,"2,6","",-0.5
"72",74,76,78,80,"2018-03-16 11:36:16","2018-03-16 12:27:51",0,"128.138.65.186",100,3094,1,"2018-03-16 12:27:53","R_3fouWIAaOqjAPIJ",NA,NA,NA,NA,40.014999389648,-105.27059936523,"anonymous","EN",1,4,5,-1,0,2,5,6,3,6,5,4,3,6,3,2461,3729,0,0,15.007,0,0,0,20.008,0,0,0,15.007,0,0,0,20.007,0,0,0,15.007,0,0,0,20.006,0,0,0,15.007,0,0,0,20.01,0,0,0,15.008,0,0,0,20.007,0,0,0,15.006,0,0,0,20.007,0,0,0,15.007,0,0,0,20.006,0,0,0,15.007,0,0,0,20.006,0,0,0,15.007,0,0,0,20.006,0,0,0,15.007,0,0,0,20.007,0,"5,1,2,7,8,6","9,10,3,4",2,3,NA,NA,1,6,4,5,NA,NA,NA,NA,3,4,NA,NA,NA,NA,1,2,"8,2,5,10,1,4","3,6,7,9",5,2,NA,6,3,NA,NA,1,NA,4,NA,NA,1,NA,NA,2,3,NA,4,NA,2,7,2,1,7,7,4,2,1,2,1,2,2,1,1,1,1,4,5,1,6,3,2,6,5,2,5,5,6,1,3,5,4,4,5,4,2,0,0,0,0,0,0,0,0,0,0,1,1,1,3,2,"I didn't focus on what the political views were for each artists compared to the student, i looked more at how the personality traits were related",19,1,-0.5,"2,6","",-0.5
"73",75,77,79,81,"2018-03-16 11:35:53","2018-03-16 12:28:35",0,"128.138.65.129",100,3161,1,"2018-03-16 12:28:35","R_yClgivRHB2lFaYF",NA,NA,NA,NA,40.014999389648,-105.27059936523,"anonymous","EN",1,4,5,2,2,6,5,7,2,7,6,7,2,6,2,1832,3729,0,0,15.007,0,0,0,20.01,0,0,0,15.008,0,0,0,20.007,0,0,0,15.007,0,0,0,20.008,0,0,0,15.007,0,0,0,20.007,0,0,0,15.006,0,0,0,20.007,0,0,0,15.008,0,0,0,20.007,0,0,0,15.006,0,0,0,20.008,0,0,0,15.009,0,0,0,20.008,0,0,0,15.006,0,0,0,20.008,0,0,0,15.007,0,0,0,20.009,0,"2,1,6,7,10,3","9,4,5,8",2,1,6,NA,NA,3,4,NA,NA,5,NA,NA,NA,2,3,NA,NA,4,1,NA,"1,5,6,7,8,10","2,3,9,4",1,NA,NA,NA,2,3,4,5,NA,6,NA,1,2,4,NA,NA,NA,NA,3,NA,3,2,6,7,1,2,2,5,7,5,3,3,5,5,3,2,5,6,2,2,4,5,5,6,5,3,6,4,5,4,3,3,4,4,3,4,4,0,1,0,0,0,0,0,0,0,0,3,3,2,3,3,"Choose songs that reflect their values and personality traits through the song's ""feel"" and lyrics.",19,99,0.5,"6","",0.5
"74",76,78,80,82,"2018-03-16 11:35:39","2018-03-16 12:28:58",0,"128.138.65.216",100,3199,1,"2018-03-16 12:28:58","R_cGsbFYVnWTKChaB",NA,NA,NA,NA,40.014999389648,-105.27059936523,"anonymous","",1,3,5,-1,-1,5,1,6,3,6,3,6,4,6,4,1832,1391,0,0,15.003,0,0,0,20.002,0,0,0,15.003,0,0,0,20.002,0,0,0,15.003,0,0,0,20.004,0,0,0,15.003,0,0,0,20.002,0,0,0,15.002,0,0,0,20.003,0,0,0,15.003,0,0,0,20.003,0,0,0,15.002,0,0,0,20.003,0,0,0,15.003,0,0,0,20.002,0,0,0,15.002,0,0,0,20.003,0,0,0,15.003,0,0,0,20.003,0,"2,9,4,6,1,8","7,3,10,5",5,1,NA,3,NA,4,NA,6,2,NA,NA,NA,2,NA,4,NA,1,NA,NA,3,"9,1,3,5,10,8","6,4,2,7",2,NA,3,NA,4,NA,NA,6,1,5,NA,3,NA,2,NA,1,4,NA,NA,NA,2,3,6,7,1,3,2,4,7,1,3,1,4,1,4,3,1,5,3,5,3,4,7,5,4,4,5,7,6,2,7,2,7,1,1,1,7,0,1,0,0,0,0,0,0,0,0,1,1,1,2,2,"When constructing the other person's paper I looked at similar personality traits",19,12,-0.5,"6","",-0.5
"75",77,79,81,83,"2018-03-16 12:30:41","2018-03-16 13:11:52",0,"128.138.65.216",100,2471,1,"2018-03-16 13:11:53","R_6Q0vjBRCZIFVSpT",NA,NA,NA,NA,40.014999389648,-105.27059936523,"anonymous","",1,3,5,-2,-2,6,3,6,2,5,2,6,1,3,3,2461,3729,0,0,15.002,0,0,0,20.003,0,0,0,15.003,0,0,0,20.002,0,0,0,15.002,0,0,0,20.003,0,0,0,15.003,0,0,0,20.003,0,0,0,15.003,0,0,0,20.003,0,0,0,15.002,0,0,0,20.002,0,0,0,15.002,0,0,0,20.005,0,0,0,15.003,0,0,0,20.003,0,0,0,15.003,0,0,0,20.003,0,0,0,15.003,0,0,0,20.003,0,"2,6,1,5,3,4","9,8,7,10",3,1,5,6,4,2,NA,NA,NA,NA,NA,NA,NA,NA,NA,NA,3,2,1,4,"8,2,5,9,10,7","4,1,3,6",NA,2,NA,NA,3,NA,6,1,4,5,2,NA,3,1,NA,4,NA,NA,NA,NA,2,7,4,1,7,2,4,4,7,4,4,6,5,2,2,2,4,2,2,5,4,4,5,6,6,6,4,3,5,3,3,6,2,6,6,6,3,0,0,0,0,0,0,0,0,0,0,6,5,6,6,2,"political views",19,12,-0.5,"6","",0.5
"76",78,80,82,84,"2018-03-16 12:30:08","2018-03-16 13:12:11",0,"128.138.65.186",100,2522,1,"2018-03-16 13:12:11","R_3DjtUNKSgclMfKn",NA,NA,NA,NA,40.014999389648,-105.27059936523,"anonymous","EN",1,4,5,0,1,5,5,6,3,5,6,3,2,6,5,1832,3729,0,0,15.01,0,0,0,20.007,0,0,0,15.006,0,0,0,20.006,0,0,0,15.006,0,0,0,20.007,0,0,0,15.007,0,0,0,20.006,0,0,0,15.006,0,0,0,29.29,0,0,0,15.007,0,0,0,30.07,0,0,0,15.008,0,0,0,20.005,0,0,0,15.006,0,0,0,20.008,0,0,0,15.006,0,0,0,20.006,0,0,0,15.008,0,0,0,20.009,0,"10,5,7,4,1,8","3,9,2,6",5,NA,NA,4,2,NA,3,6,NA,1,NA,3,1,NA,NA,4,NA,NA,2,NA,"10,6,8,7,4,5","3,2,1,9",NA,NA,NA,5,6,2,4,3,NA,1,3,2,1,NA,NA,NA,NA,NA,4,NA,3,2,6,7,1,5,2,3,4,1,3,4,5,4,4,2,6,3,4,1,4,3,5,4,3,2,6,6,5,7,3,4,3,2,4,6,3,0,0,0,0,0,0,0,0,0,0,3,6,5,6,3,"'-Song matched her personality traits
-Songs were not too republican or conservative",20,99,0.5,"6","'-Songs stopped working in the middle of the survey",-0.5
"77",79,81,83,85,"2018-03-19 16:24:06","2018-03-19 16:49:18",0,"128.138.65.109",100,1512,1,"2018-03-19 16:49:19","R_1Ei19X2gr9YpBcD",NA,NA,NA,NA,40.014999389648,-105.27059936523,"anonymous","EN",1,2,5,-1,-2,6,2,6,6,7,1,7,6,3,3,1832,3729,0,0,15.006,0,0,0,20.007,0,0,0,15.007,0,0,0,20.007,0,0,0,15.006,0,0,0,20.008,0,0,0,15.006,0,0,0,20.007,0,0,0,15.007,0,0,0,20.007,0,0,0,15.006,0,0,0,20.007,0,0,0,15.005,0,0,0,20.008,0,0,0,15.006,0,0,0,20.006,0,0,0,15.006,0,0,0,20.007,0,0,0,15.008,0,0,0,20.008,0,"4,9,3,10","8,6,7,2,1,5",NA,NA,3,1,NA,NA,NA,NA,2,4,5,4,NA,NA,6,2,3,1,NA,NA,"7,8,2,6","9,10,5,3,1,4",NA,3,NA,NA,NA,4,1,2,NA,NA,5,NA,4,6,3,NA,NA,NA,1,2,3,3,6,6,2,3,6,4,4,5,4,3,4,2,2,5,4,4,4,4,4,4,3,2,2,5,4,5,4,2,NA,5,3,3,3,4,5,0,0,0,0,0,0,0,0,0,0,1,1,3,3,3,"the overall vibe of the song. for example, if it had a melancholy tone or a more cheerful one. ",18,99,-0.5,"6","",0.5
"78",80,82,84,86,"2018-03-19 16:23:43","2018-03-19 16:51:59",0,"128.138.65.198",100,1695,1,"2018-03-19 16:52:00","R_3EWOKtCcJwJ8Tcq",NA,NA,NA,NA,40.014999389648,-105.27059936523,"anonymous","EN",1,5,5,1,1,6,5,6,2,6,5,5,3,6,4,2461,1391,0,0,15.007,0,14.712,14.712,20.006,1,0,0,15.008,0,0,0,20.007,0,0,0,15.008,0,0,0,20.007,0,0,0,15.007,0,0,0,20.007,0,0,0,15.007,0,0,0,20.007,0,0,0,15.007,0,0,0,20.006,0,0,0,15.006,0,0,0,20.006,0,0,0,15.007,0,0,0,20.007,0,0,0,15.008,0,0,0,20.011,0,0,0,15.007,0,0,0,20.008,0,"2,5,4,10","9,7,6,1",NA,1,NA,3,2,NA,NA,NA,NA,4,4,NA,NA,NA,NA,3,2,NA,1,NA,"4,6,1,10,2","3,9,7,8",3,5,NA,1,NA,2,NA,NA,NA,4,NA,NA,1,NA,NA,NA,3,4,2,NA,2,5,4,1,7,3,5,4,6,4,2,6,5,4,4,3,4,3,4,NA,6,6,NA,5,4,3,3,3,4,5,4,3,4,5,4,3,4,0,0,0,0,0,0,0,0,0,0,3,3,2,3,3,"My main goal was to see how often they listen to music and their personality, the issue I had with this experiment is it should allow you to rehear the songs cause i could remember which artist was associated to which song",21,12,0.5,"6","allow participant to go back and hear the songs ",-0.5
"79",81,83,85,87,"2018-03-19 16:23:05","2018-03-19 16:55:07",0,"128.138.65.216",100,1922,1,"2018-03-19 16:55:07","R_3aAzWd7n33KhkO1",NA,NA,NA,NA,40.014999389648,-105.27059936523,"anonymous","",1,5,5,1,-2,4,6,6,1,7,7,6,2,7,1,1832,1391,0,0,15.003,0,0,0,20.003,0,0,0,15.003,0,0,0,20.003,0,0,0,15.002,0,0,0,20.002,0,0,0,15.003,0,0,0,20.003,0,0,0,15.002,0,0,0,20.006,0,0,0,15.003,0,0,0,20.002,0,0,0,15.002,0,0,0,20.002,0,0,0,15.003,0,0,0,20.003,0,0,0,15.002,0,0,0,20.002,0,0,0,15.002,0,0,0,20.003,0,"8,9,10,6,5,7","3,1,2,4",NA,NA,NA,NA,5,4,6,1,2,3,2,3,1,4,NA,NA,NA,NA,NA,NA,"9,1,8,5,7,6","10,4,2,3",2,NA,NA,NA,4,6,5,3,1,NA,NA,3,4,2,NA,NA,NA,NA,NA,1,4,5,2,7,3,2,6,6,1,2,6,6,5,5,5,7,3,5,1,1,6,6,7,5,5,6,3,1,1,5,6,1,1,7,2,7,6,0,0,0,0,1,0,1,0,0,0,6,5,5,4,3,"The rhythm is same or not ",20,1,0.5,"6","",-0.5
"80",82,84,86,88,"2018-03-21 16:06:15","2018-03-21 16:49:11",0,"128.138.65.81",100,2575,1,"2018-03-21 16:49:11","R_2sZNisbKRiNshID",NA,NA,NA,NA,40.014999389648,-105.27059936523,"anonymous","EN",1,2,5,-1,-1,5,5,3,7,6,5,6,4,1,3,2461,1391,0,0,15.007,0,0,0,20.006,0,0,0,15.007,0,0,0,20.009,0,0,0,15.006,0,0,0,20.006,0,0,0,15.007,0,0,0,20.007,0,0,0,15.007,0,0,0,20.007,0,0,0,15.007,0,0,0,20.007,0,0,0,15.007,0,0,0,20.006,0,0,0,15.007,0,0,0,20.006,0,0,0,15.006,0,0,0,20.006,0,0,0,15.006,0,0,0,20.007,0,"9,7,2,1,8,10","3,5,6,4",4,3,NA,NA,NA,NA,2,5,1,6,NA,NA,1,4,2,3,NA,NA,NA,NA,"1,2,5,6,7,8","9,3,10,4",1,2,NA,NA,3,4,5,6,NA,NA,NA,NA,2,4,NA,NA,NA,NA,1,3,4,3,1,5,5,6,6,4,3,1,3,3,4,5,5,6,2,6,5,3,2,4,3,5,NA,4,3,2,4,6,1,6,6,7,5,1,4,0,0,0,0,0,0,0,0,0,0,6,2,3,6,2,"Tried to add the most country themed songs because that goes with the student's conservative political views",18,2,-0.5,"3,6","",0.5
"81",83,85,87,89,"2018-03-21 16:05:49","2018-03-21 16:49:55",0,"128.138.65.143",100,2645,1,"2018-03-21 16:49:55","R_2trludRb7dFhhUG",NA,NA,NA,NA,40.014999389648,-105.27059936523,"anonymous","EN",1,1,5,-2,-2,6,5,7,2,7,2,3,1,7,1,1832,1391,0,0,15.008,0,0,0,20.007,0,0,0,15.008,0,0,0,20.007,0,0,0,15.006,0,0,0,20.006,0,0,0,15.007,0,0,0,20.008,0,0,0,15.008,0,0,0,20.007,0,0,0,15.007,0,0,0,20.007,0,0,0,15.008,0,0,0,20.008,0,0,0,15.006,0,0,0,20.007,0,0,0,15.008,0,0,0,20.006,0,0,0,15.006,0,0,0,20.007,0,"8,4,7,10,9,5","3,1,2,6",NA,NA,NA,2,6,NA,3,1,5,4,2,3,1,NA,NA,4,NA,NA,NA,NA,"1,2,3,4,6,10","5,7,9,8",1,2,3,4,NA,5,NA,NA,NA,6,NA,NA,NA,NA,1,NA,2,4,3,NA,4,4,6,7,1,4,5,1,1,1,4,4,4,3,4,4,4,4,4,4,2,4,4,2,2,3,3,4,2,5,4,3,4,5,2,3,4,0,0,0,0,0,0,0,0,0,0,2,2,5,6,2,"His/her survey differed from mine in a way that I listen to music constantly and they listen to it once a week. Also, we differed in our personality traits so basically, whatever songs I liked, I put down that he/she wouldn't like because of our differences in personality.",20,7,-0.5,"3","",0.5
"82",84,86,88,90,"2018-03-21 16:05:05","2018-03-21 16:53:58",0,"128.138.65.116",100,2933,1,"2018-03-21 16:53:58","R_1zUi55ylcQ8nZkh",NA,NA,NA,NA,40.014999389648,-105.27059936523,"anonymous","",1,2,5,3,3,6,3,3,4,5,2,6,6,4,5,2461,3729,0,0,15.003,0,0,0,20.003,0,0,0,15.002,0,0,0,20.003,0,0,0,15.002,0,0,0,20.004,0,0,0,15.002,0,0,0,20.003,0,0,0,15.003,0,0,0,20.003,0,0,0,15.003,0,0,0,20.003,0,0,0,15.003,0,0,0,20.003,0,0,0,15.002,0,0,0,20.002,0,0,0,15.002,0,0,0,20.006,0,0,0,15.003,0,0,0,20.002,0,"1,6,5,3,10,9","4,8,2,7",1,NA,4,NA,3,2,NA,NA,6,5,NA,3,NA,1,NA,NA,4,2,NA,NA,"3,2,1,5,10,9","4,6,7,8",3,2,1,NA,4,NA,NA,NA,6,5,NA,NA,NA,1,NA,2,3,4,NA,NA,3,7,5,1,7,6,5,7,4,6,1,4,1,2,5,6,6,6,3,5,2,3,2,2,3,6,5,7,5,7,4,2,2,3,4,7,5,0,0,0,0,0,0,0,0,0,0,2,2,4,3,2,"When making the playlist, I tried to compare the lower half of the form, and mathc that up as best I could. ",18,7,-0.5,"6","I had a difficult time when creating the playlists becus eI couldn't remmeber what all the songs sounded like, and I don't think there was a way to go back",-0.5
